customer_key,customer_id,name,email,city,signup_date
5001,1,Customer 1,customer1@example.com,Bogor,2023-01-26
5002,2,Customer 2,customer2@example.com,Bekasi,2023-09-08
5003,3,Customer 3,customer3@example.com,Tangerang,2023-05-23
5004,4,Customer 4,customer4@example.com,Bogor,2024-11-23
5005,5,Customer 5,customer5@example.com,Semarang,2023-03-31
5006,6,Customer 6,customer6@example.com,Medan,2024-03-08
5007,7,Customer 7,customer7@example.com,Jakarta,2023-01-31
5008,8,Customer 8,customer8@example.com,Bogor,2023-08-12
5009,9,Customer 9,customer9@example.com,Tangerang,2024-06-01
5010,10,Customer 10,customer10@example.com,Medan,2023-01-28
5011,11,Customer 11,customer11@example.com,Semarang,2023-07-23
5012,12,Customer 12,customer12@example.com,Semarang,2024-03-05
5013,13,Customer 13,customer13@example.com,Tangerang,2024-04-04
5014,14,Customer 14,customer14@example.com,Medan,2023-10-12
5015,15,Customer 15,customer15@example.com,Jakarta,2023-06-13
5016,16,Customer 16,customer16@example.com,Yogyakarta,2023-12-15
5017,17,Customer 17,customer17@example.com,Bekasi,2023-06-09
5018,18,Customer 18,customer18@example.com,Tangerang,2023-12-11
5019,19,Customer 19,customer19@example.com,Bogor,2023-04-05
5020,20,Customer 20,customer20@example.com,Yogyakarta,2023-04-10
5021,21,Customer 21,customer21@example.com,Bandung,2023-12-19
5022,22,Customer 22,customer22@example.com,Medan,2023-09-28
5023,23,Customer 23,customer23@example.com,Jakarta,2024-04-15
5024,24,Customer 24,customer24@example.com,Semarang,2023-05-08
5025,25,Customer 25,customer25@example.com,Yogyakarta,2023-03-22
5026,26,Customer 26,customer26@example.com,Semarang,2023-10-28
5027,27,Customer 27,customer27@example.com,Medan,2024-01-06
5028,28,Customer 28,customer28@example.com,Medan,2023-07-16
5029,29,Customer 29,customer29@example.com,Bogor,2023-02-16
5030,30,Customer 30,customer30@example.com,Tangerang,2023-10-24
5031,31,Customer 31,customer31@example.com,Bogor,2023-08-27
5032,32,Customer 32,customer32@example.com,Bogor,2024-01-25
5033,33,Customer 33,customer33@example.com,Bekasi,2024-04-09
5034,34,Customer 34,customer34@example.com,Bandung,2023-06-16
5035,35,Customer 35,customer35@example.com,Bandung,2023-12-30
5036,36,Customer 36,customer36@example.com,Tangerang,2024-11-17
5037,37,Customer 37,customer37@example.com,Bekasi,2024-12-19
5038,38,Customer 38,customer38@example.com,Bogor,2024-09-15
5039,39,Customer 39,customer39@example.com,Depok,2024-06-30
5040,40,Customer 40,customer40@example.com,Tangerang,2023-06-17
5041,41,Customer 41,customer41@example.com,Surabaya,2024-01-24
5042,42,Customer 42,customer42@example.com,Bekasi,2024-10-17
5043,43,Customer 43,customer43@example.com,Semarang,2023-08-13
5044,44,Customer 44,customer44@example.com,Bandung,2023-02-27
5045,45,Customer 45,customer45@example.com,Tangerang,2023-02-02
5046,46,Customer 46,customer46@example.com,Bandung,2024-02-15
5047,47,Customer 47,customer47@example.com,Bekasi,2023-03-09
5048,48,Customer 48,customer48@example.com,Tangerang,2024-08-03
5049,49,Customer 49,customer49@example.com,Bandung,2023-08-06
5050,50,Customer 50,customer50@example.com,Surabaya,2024-02-10
5051,51,Customer 51,customer51@example.com,Surabaya,2023-05-27
5052,52,Customer 52,customer52@example.com,Bekasi,2023-05-23
5053,53,Customer 53,customer53@example.com,Tangerang,2024-07-28
5054,54,Customer 54,customer54@example.com,Semarang,2023-09-27
5055,55,Customer 55,customer55@example.com,Medan,2024-03-14
5056,56,Customer 56,customer56@example.com,Medan,2024-02-13
5057,57,Customer 57,customer57@example.com,Bandung,2023-08-13
5058,58,Customer 58,customer58@example.com,Depok,2024-06-05
5059,59,Customer 59,customer59@example.com,Surabaya,2023-04-04
5060,60,Customer 60,customer60@example.com,Jakarta,2023-04-23
5061,61,Customer 61,customer61@example.com,Depok,2024-10-04
5062,62,Customer 62,customer62@example.com,Depok,2024-11-27
5063,63,Customer 63,customer63@example.com,Yogyakarta,2024-09-02
5064,64,Customer 64,customer64@example.com,Bogor,2024-01-30
5065,65,Customer 65,customer65@example.com,Yogyakarta,2024-09-02
5066,66,Customer 66,customer66@example.com,Surabaya,2024-06-25
5067,67,Customer 67,customer67@example.com,Bekasi,2024-07-20
5068,68,Customer 68,customer68@example.com,Jakarta,2024-11-27
5069,69,Customer 69,customer69@example.com,Bogor,2024-11-29
5070,70,Customer 70,customer70@example.com,Semarang,2023-10-01
5071,71,Customer 71,customer71@example.com,Bandung,2023-04-25
5072,72,Customer 72,customer72@example.com,Bekasi,2024-03-21
5073,73,Customer 73,customer73@example.com,Depok,2024-04-09
5074,74,Customer 74,customer74@example.com,Jakarta,2023-09-27
5075,75,Customer 75,customer75@example.com,Semarang,2023-07-02
5076,76,Customer 76,customer76@example.com,Semarang,2023-04-19
5077,77,Customer 77,customer77@example.com,Bekasi,2024-10-16
5078,78,Customer 78,customer78@example.com,Semarang,2024-09-15
5079,79,Customer 79,customer79@example.com,Tangerang,2023-06-06
5080,80,Customer 80,customer80@example.com,Bandung,2023-06-15
5081,81,Customer 81,customer81@example.com,Semarang,2024-06-27
5082,82,Customer 82,customer82@example.com,Jakarta,2024-09-05
5083,83,Customer 83,customer83@example.com,Bandung,2024-05-15
5084,84,Customer 84,customer84@example.com,Jakarta,2023-04-25
5085,85,Customer 85,customer85@example.com,Bandung,2023-11-11
5086,86,Customer 86,customer86@example.com,Tangerang,2023-03-01
5087,87,Customer 87,customer87@example.com,Tangerang,2024-08-03
5088,88,Customer 88,customer88@example.com,Bogor,2023-03-29
5089,89,Customer 89,customer89@example.com,Surabaya,2023-03-12
5090,90,Customer 90,customer90@example.com,Semarang,2023-05-09
5091,91,Customer 91,customer91@example.com,Depok,2024-11-06
5092,92,Customer 92,customer92@example.com,Surabaya,2024-07-16
5093,93,Customer 93,customer93@example.com,Depok,2023-09-29
5094,94,Customer 94,customer94@example.com,Semarang,2024-09-13
5095,95,Customer 95,customer95@example.com,Yogyakarta,2023-08-05
5096,96,Customer 96,customer96@example.com,Semarang,2024-12-07
5097,97,Customer 97,customer97@example.com,Tangerang,2024-12-31
5098,98,Customer 98,customer98@example.com,Bekasi,2024-02-13
5099,99,Customer 99,customer99@example.com,Bandung,2024-03-24
5100,100,Customer 100,customer100@example.com,Semarang,2024-04-07
5101,101,Customer 101,customer101@example.com,Bogor,2023-09-11
5102,102,Customer 102,customer102@example.com,Tangerang,2023-03-07
5103,103,Customer 103,customer103@example.com,Bandung,2023-01-22
5104,104,Customer 104,customer104@example.com,Medan,2024-07-21
5105,105,Customer 105,customer105@example.com,Tangerang,2024-08-25
5106,106,Customer 106,customer106@example.com,Tangerang,2023-01-08
5107,107,Customer 107,customer107@example.com,Bogor,2024-12-25
5108,108,Customer 108,customer108@example.com,Jakarta,2023-08-23
5109,109,Customer 109,customer109@example.com,Bogor,2023-02-02
5110,110,Customer 110,customer110@example.com,Bandung,2023-03-14
5111,111,Customer 111,customer111@example.com,Semarang,2023-09-01
5112,112,Customer 112,customer112@example.com,Bekasi,2024-11-16
5113,113,Customer 113,customer113@example.com,Surabaya,2023-08-08
5114,114,Customer 114,customer114@example.com,Semarang,2023-05-16
5115,225,Customer 225,customer225@example.com,Tangerang,2023-01-25
5116,336,Customer 336,customer336@example.com,Yogyakarta,2023-12-02
5117,889,Customer 889,customer889@example.com,Medan,2023-06-19
5118,890,Customer 890,customer890@example.com,Surabaya,2023-02-14
5119,891,Customer 891,customer891@example.com,Yogyakarta,2024-01-09
5120,892,Customer 892,customer892@example.com,Tangerang,2024-03-30
5121,893,Customer 893,customer893@example.com,Medan,2023-10-19
5122,894,Customer 894,customer894@example.com,Surabaya,2023-08-28
5123,895,Customer 895,customer895@example.com,Semarang,2023-09-02
5124,896,Customer 896,customer896@example.com,Bekasi,2024-04-25
5125,897,Customer 897,customer897@example.com,Tangerang,2024-01-12
5126,898,Customer 898,customer898@example.com,Medan,2024-03-27
5127,899,Customer 899,customer899@example.com,Surabaya,2023-10-16
5128,900,Customer 900,customer900@example.com,Yogyakarta,2024-05-29
5129,901,Customer 901,customer901@example.com,Semarang,2024-03-04
5130,902,Customer 902,customer902@example.com,Depok,2023-07-24
5131,903,Customer 903,customer903@example.com,Medan,2023-05-22
5132,904,Customer 904,customer904@example.com,Bekasi,2023-02-23
5133,905,Customer 905,customer905@example.com,Surabaya,2024-01-16
5134,906,Customer 906,customer906@example.com,Semarang,2023-04-16
5135,907,Customer 907,customer907@example.com,Semarang,2023-05-08
5136,908,Customer 908,customer908@example.com,Bekasi,2023-03-27
5137,909,Customer 909,customer909@example.com,Depok,2023-10-07
5138,910,Customer 910,customer910@example.com,Surabaya,2024-06-09
5139,911,Customer 911,customer911@example.com,Depok,2024-03-23
5140,912,Customer 912,customer912@example.com,Bogor,2023-08-16
5141,913,Customer 913,customer913@example.com,Surabaya,2023-12-24
5142,914,Customer 914,customer914@example.com,Jakarta,2024-02-29
5143,915,Customer 915,customer915@example.com,Jakarta,2024-02-10
5144,916,Customer 916,customer916@example.com,Semarang,2024-01-18
5145,917,Customer 917,customer917@example.com,Tangerang,2024-01-31
5146,918,Customer 918,customer918@example.com,Bogor,2024-01-19
5147,919,Customer 919,customer919@example.com,Tangerang,2023-01-29
5148,920,Customer 920,customer920@example.com,Bandung,2023-04-12
5149,921,Customer 921,customer921@example.com,Bandung,2023-05-30
5150,922,Customer 922,customer922@example.com,Depok,2023-02-09
5151,923,Customer 923,customer923@example.com,Bekasi,2024-04-28
5152,924,Customer 924,customer924@example.com,Depok,2024-12-23
5153,925,Customer 925,customer925@example.com,Surabaya,2024-04-04
5154,926,Customer 926,customer926@example.com,Medan,2023-01-06
5155,927,Customer 927,customer927@example.com,Bogor,2023-01-20
5156,928,Customer 928,customer928@example.com,Bekasi,2023-08-09
5157,929,Customer 929,customer929@example.com,Depok,2024-07-15
5158,930,Customer 930,customer930@example.com,Medan,2024-06-24
5159,931,Customer 931,customer931@example.com,Yogyakarta,2023-04-24
5160,932,Customer 932,customer932@example.com,Bekasi,2023-09-01
5161,933,Customer 933,customer933@example.com,Bekasi,2023-05-05
5162,934,Customer 934,customer934@example.com,Jakarta,2023-09-02
5163,935,Customer 935,customer935@example.com,Yogyakarta,2024-10-16
5164,936,Customer 936,customer936@example.com,Medan,2024-04-13
5165,937,Customer 937,customer937@example.com,Bogor,2023-04-24
5166,938,Customer 938,customer938@example.com,Surabaya,2024-09-03
5167,939,Customer 939,customer939@example.com,Semarang,2023-01-17
5168,940,Customer 940,customer940@example.com,Semarang,2024-08-11
5169,941,Customer 941,customer941@example.com,Tangerang,2023-05-28
5170,942,Customer 942,customer942@example.com,Bekasi,2024-03-15
5171,943,Customer 943,customer943@example.com,Jakarta,2024-09-21
5172,944,Customer 944,customer944@example.com,Bandung,2023-09-04
5173,945,Customer 945,customer945@example.com,Medan,2024-03-02
5174,946,Customer 946,customer946@example.com,Depok,2024-11-11
5175,947,Customer 947,customer947@example.com,Bogor,2024-06-20
5176,948,Customer 948,customer948@example.com,Bandung,2023-03-11
5177,949,Customer 949,customer949@example.com,Semarang,2024-07-11
5178,950,Customer 950,customer950@example.com,Semarang,2024-06-03
5179,951,Customer 951,customer951@example.com,Semarang,2023-01-21
5180,952,Customer 952,customer952@example.com,Yogyakarta,2024-04-26
5181,953,Customer 953,customer953@example.com,Jakarta,2024-10-12
5182,954,Customer 954,customer954@example.com,Yogyakarta,2024-01-18
5183,955,Customer 955,customer955@example.com,Bekasi,2023-01-17
5184,956,Customer 956,customer956@example.com,Bandung,2023-03-11
5185,957,Customer 957,customer957@example.com,Bandung,2023-09-04
5186,958,Customer 958,customer958@example.com,Bogor,2024-08-18
5187,959,Customer 959,customer959@example.com,Bandung,2023-05-17
5188,960,Customer 960,customer960@example.com,Jakarta,2023-12-27
5189,961,Customer 961,customer961@example.com,Semarang,2023-12-13
5190,962,Customer 962,customer962@example.com,Depok,2024-12-02
5191,963,Customer 963,customer963@example.com,Surabaya,2024-12-13
5192,964,Customer 964,customer964@example.com,Surabaya,2024-10-08
5193,965,Customer 965,customer965@example.com,Depok,2023-05-19
5194,966,Customer 966,customer966@example.com,Bogor,2024-04-13
5195,967,Customer 967,customer967@example.com,Jakarta,2023-10-28
5196,968,Customer 968,customer968@example.com,Tangerang,2023-02-14
5197,969,Customer 969,customer969@example.com,Tangerang,2023-02-12
5198,970,Customer 970,customer970@example.com,Bandung,2023-11-14
5199,971,Customer 971,customer971@example.com,Semarang,2024-02-12
5200,972,Customer 972,customer972@example.com,Semarang,2024-04-29
5201,973,Customer 973,customer973@example.com,Bekasi,2023-02-07
5202,974,Customer 974,customer974@example.com,Tangerang,2023-10-20
5203,975,Customer 975,customer975@example.com,Bandung,2023-02-18
5204,976,Customer 976,customer976@example.com,Bandung,2023-10-07
5205,977,Customer 977,customer977@example.com,Bogor,2024-01-12
5206,978,Customer 978,customer978@example.com,Yogyakarta,2024-02-14
5207,979,Customer 979,customer979@example.com,Surabaya,2024-01-31
5208,980,Customer 980,customer980@example.com,Bandung,2023-07-11
5209,981,Customer 981,customer981@example.com,Surabaya,2024-12-09
5210,982,Customer 982,customer982@example.com,Surabaya,2024-01-12
5211,983,Customer 983,customer983@example.com,Semarang,2023-10-01
5212,984,Customer 984,customer984@example.com,Bogor,2024-03-10
5213,985,Customer 985,customer985@example.com,Bogor,2024-03-16
5214,986,Customer 986,customer986@example.com,Medan,2023-07-04
5215,987,Customer 987,customer987@example.com,Semarang,2023-10-28
5216,988,Customer 988,customer988@example.com,Bandung,2023-04-16
5217,989,Customer 989,customer989@example.com,Bogor,2023-12-02
5218,990,Customer 990,customer990@example.com,Bekasi,2023-11-10
5219,991,Customer 991,customer991@example.com,Surabaya,2024-09-09
5220,992,Customer 992,customer992@example.com,Yogyakarta,2023-06-20
5221,993,Customer 993,customer993@example.com,Surabaya,2023-12-26
5222,994,Customer 994,customer994@example.com,Surabaya,2023-02-13
5223,995,Customer 995,customer995@example.com,Bandung,2024-09-21
5224,337,Customer 337,customer337@example.com,Tangerang,2024-04-10
5225,338,Customer 338,customer338@example.com,Bandung,2023-12-12
5226,339,Customer 339,customer339@example.com,Yogyakarta,2023-10-12
5227,340,Customer 340,customer340@example.com,Yogyakarta,2023-09-16
5228,341,Customer 341,customer341@example.com,Bogor,2024-04-26
5229,342,Customer 342,customer342@example.com,Jakarta,2024-07-06
5230,343,Customer 343,customer343@example.com,Jakarta,2023-12-25
5231,344,Customer 344,customer344@example.com,Tangerang,2024-10-27
5232,345,Customer 345,customer345@example.com,Bogor,2024-10-29
5233,346,Customer 346,customer346@example.com,Jakarta,2023-02-01
5234,347,Customer 347,customer347@example.com,Tangerang,2023-07-24
5235,348,Customer 348,customer348@example.com,Jakarta,2024-09-28
5236,349,Customer 349,customer349@example.com,Depok,2023-09-02
5237,350,Customer 350,customer350@example.com,Depok,2024-04-29
5238,351,Customer 351,customer351@example.com,Bogor,2024-07-31
5239,352,Customer 352,customer352@example.com,Tangerang,2024-04-21
5240,353,Customer 353,customer353@example.com,Bekasi,2024-01-13
5241,354,Customer 354,customer354@example.com,Depok,2024-09-12
5242,355,Customer 355,customer355@example.com,Medan,2023-04-28
5243,356,Customer 356,customer356@example.com,Depok,2023-11-15
5244,357,Customer 357,customer357@example.com,Bogor,2024-08-15
5245,358,Customer 358,customer358@example.com,Jakarta,2023-11-16
5246,359,Customer 359,customer359@example.com,Medan,2024-11-24
5247,360,Customer 360,customer360@example.com,Yogyakarta,2024-02-11
5248,361,Customer 361,customer361@example.com,Tangerang,2023-03-19
5249,362,Customer 362,customer362@example.com,Medan,2024-12-08
5250,363,Customer 363,customer363@example.com,Tangerang,2023-04-15
5251,364,Customer 364,customer364@example.com,Bekasi,2024-12-01
5252,365,Customer 365,customer365@example.com,Medan,2023-05-04
5253,366,Customer 366,customer366@example.com,Medan,2023-02-12
5254,367,Customer 367,customer367@example.com,Bandung,2024-06-29
5255,368,Customer 368,customer368@example.com,Yogyakarta,2024-11-08
5256,369,Customer 369,customer369@example.com,Bandung,2023-03-12
5257,370,Customer 370,customer370@example.com,Semarang,2024-10-25
5258,371,Customer 371,customer371@example.com,Bandung,2023-01-13
5259,372,Customer 372,customer372@example.com,Yogyakarta,2024-05-16
5260,373,Customer 373,customer373@example.com,Bogor,2024-03-19
5261,374,Customer 374,customer374@example.com,Bandung,2024-10-12
5262,375,Customer 375,customer375@example.com,Surabaya,2024-12-25
5263,376,Customer 376,customer376@example.com,Depok,2024-03-21
5264,377,Customer 377,customer377@example.com,Depok,2024-06-18
5265,378,Customer 378,customer378@example.com,Bekasi,2024-09-22
5266,379,Customer 379,customer379@example.com,Semarang,2024-05-10
5267,380,Customer 380,customer380@example.com,Surabaya,2024-03-22
5268,381,Customer 381,customer381@example.com,Medan,2023-10-02
5269,382,Customer 382,customer382@example.com,Bandung,2023-09-09
5270,383,Customer 383,customer383@example.com,Bogor,2023-10-13
5271,384,Customer 384,customer384@example.com,Surabaya,2023-09-07
5272,385,Customer 385,customer385@example.com,Surabaya,2024-08-06
5273,386,Customer 386,customer386@example.com,Medan,2024-11-15
5274,387,Customer 387,customer387@example.com,Yogyakarta,2023-12-11
5275,388,Customer 388,customer388@example.com,Jakarta,2024-05-21
5276,389,Customer 389,customer389@example.com,Bandung,2023-07-06
5277,390,Customer 390,customer390@example.com,Surabaya,2023-08-06
5278,391,Customer 391,customer391@example.com,Bandung,2023-09-22
5279,392,Customer 392,customer392@example.com,Bandung,2023-10-14
5280,393,Customer 393,customer393@example.com,Medan,2024-12-19
5281,394,Customer 394,customer394@example.com,Bekasi,2024-07-23
5282,395,Customer 395,customer395@example.com,Jakarta,2024-06-13
5283,396,Customer 396,customer396@example.com,Tangerang,2023-03-29
5284,397,Customer 397,customer397@example.com,Tangerang,2024-02-21
5285,398,Customer 398,customer398@example.com,Surabaya,2024-07-22
5286,399,Customer 399,customer399@example.com,Tangerang,2024-12-08
5287,400,Customer 400,customer400@example.com,Surabaya,2024-10-23
5288,401,Customer 401,customer401@example.com,Surabaya,2024-04-03
5289,402,Customer 402,customer402@example.com,Jakarta,2023-04-06
5290,403,Customer 403,customer403@example.com,Bekasi,2023-08-15
5291,404,Customer 404,customer404@example.com,Yogyakarta,2024-12-09
5292,405,Customer 405,customer405@example.com,Tangerang,2023-11-10
5293,406,Customer 406,customer406@example.com,Medan,2024-01-13
5294,407,Customer 407,customer407@example.com,Surabaya,2024-07-20
5295,408,Customer 408,customer408@example.com,Semarang,2023-12-19
5296,409,Customer 409,customer409@example.com,Yogyakarta,2024-07-17
5297,410,Customer 410,customer410@example.com,Bandung,2023-12-27
5298,411,Customer 411,customer411@example.com,Surabaya,2023-10-05
5299,412,Customer 412,customer412@example.com,Bekasi,2023-09-15
5300,413,Customer 413,customer413@example.com,Tangerang,2023-05-04
5301,414,Customer 414,customer414@example.com,Tangerang,2023-11-20
5302,415,Customer 415,customer415@example.com,Bogor,2024-07-02
5303,416,Customer 416,customer416@example.com,Depok,2023-07-16
5304,417,Customer 417,customer417@example.com,Tangerang,2024-05-10
5305,418,Customer 418,customer418@example.com,Bekasi,2024-08-26
5306,419,Customer 419,customer419@example.com,Semarang,2024-09-03
5307,420,Customer 420,customer420@example.com,Bekasi,2023-04-13
5308,421,Customer 421,customer421@example.com,Tangerang,2023-10-31
5309,422,Customer 422,customer422@example.com,Tangerang,2024-01-05
5310,423,Customer 423,customer423@example.com,Depok,2023-11-06
5311,424,Customer 424,customer424@example.com,Jakarta,2024-12-26
5312,425,Customer 425,customer425@example.com,Semarang,2023-05-10
5313,426,Customer 426,customer426@example.com,Bekasi,2023-02-16
5314,427,Customer 427,customer427@example.com,Jakarta,2024-07-20
5315,428,Customer 428,customer428@example.com,Bekasi,2024-12-15
5316,429,Customer 429,customer429@example.com,Depok,2024-10-15
5317,430,Customer 430,customer430@example.com,Surabaya,2023-04-16
5318,431,Customer 431,customer431@example.com,Jakarta,2024-08-10
5319,432,Customer 432,customer432@example.com,Bekasi,2024-04-25
5320,433,Customer 433,customer433@example.com,Surabaya,2024-03-27
5321,434,Customer 434,customer434@example.com,Bandung,2023-07-08
5322,435,Customer 435,customer435@example.com,Jakarta,2023-09-16
5323,436,Customer 436,customer436@example.com,Surabaya,2023-04-27
5324,437,Customer 437,customer437@example.com,Bogor,2024-02-15
5325,438,Customer 438,customer438@example.com,Surabaya,2023-03-17
5326,439,Customer 439,customer439@example.com,Medan,2024-10-06
5327,440,Customer 440,customer440@example.com,Jakarta,2023-06-05
5328,441,Customer 441,customer441@example.com,Depok,2024-07-30
5329,442,Customer 442,customer442@example.com,Bekasi,2023-03-29
5330,443,Customer 443,customer443@example.com,Tangerang,2023-05-02
5331,444,Customer 444,customer444@example.com,Semarang,2024-03-02
5332,445,Customer 445,customer445@example.com,Medan,2024-09-02
5333,446,Customer 446,customer446@example.com,Medan,2023-08-20
5334,447,Customer 447,customer447@example.com,Semarang,2024-01-25
5335,448,Customer 448,customer448@example.com,Surabaya,2024-03-29
5336,449,Customer 449,customer449@example.com,Bekasi,2024-08-25
5337,450,Customer 450,customer450@example.com,Yogyakarta,2023-11-09
5338,451,Customer 451,customer451@example.com,Medan,2024-09-27
5339,452,Customer 452,customer452@example.com,Jakarta,2024-09-16
5340,453,Customer 453,customer453@example.com,Bogor,2023-08-01
5341,454,Customer 454,customer454@example.com,Tangerang,2023-09-28
5342,455,Customer 455,customer455@example.com,Bogor,2023-06-10
5343,456,Customer 456,customer456@example.com,Tangerang,2023-06-27
5344,457,Customer 457,customer457@example.com,Semarang,2023-03-18
5345,458,Customer 458,customer458@example.com,Depok,2023-01-03
5346,459,Customer 459,customer459@example.com,Yogyakarta,2024-04-06
5347,460,Customer 460,customer460@example.com,Medan,2024-04-26
5348,461,Customer 461,customer461@example.com,Bekasi,2023-02-03
5349,462,Customer 462,customer462@example.com,Tangerang,2023-10-23
5350,463,Customer 463,customer463@example.com,Bekasi,2024-12-20
5351,464,Customer 464,customer464@example.com,Surabaya,2023-03-14
5352,465,Customer 465,customer465@example.com,Tangerang,2023-09-28
5353,466,Customer 466,customer466@example.com,Medan,2024-11-08
5354,467,Customer 467,customer467@example.com,Tangerang,2024-03-11
5355,468,Customer 468,customer468@example.com,Bogor,2024-07-11
5356,469,Customer 469,customer469@example.com,Tangerang,2024-10-25
5357,470,Customer 470,customer470@example.com,Depok,2023-09-30
5358,471,Customer 471,customer471@example.com,Depok,2023-03-15
5359,472,Customer 472,customer472@example.com,Jakarta,2023-06-19
5360,473,Customer 473,customer473@example.com,Bekasi,2024-09-01
5361,474,Customer 474,customer474@example.com,Medan,2023-10-23
5362,475,Customer 475,customer475@example.com,Surabaya,2023-05-08
5363,476,Customer 476,customer476@example.com,Surabaya,2024-12-06
5364,477,Customer 477,customer477@example.com,Bekasi,2024-12-17
5365,478,Customer 478,customer478@example.com,Yogyakarta,2023-10-06
5366,479,Customer 479,customer479@example.com,Semarang,2024-07-06
5367,480,Customer 480,customer480@example.com,Surabaya,2024-03-24
5368,481,Customer 481,customer481@example.com,Bogor,2024-09-04
5369,482,Customer 482,customer482@example.com,Jakarta,2024-03-18
5370,483,Customer 483,customer483@example.com,Bandung,2024-09-10
5371,484,Customer 484,customer484@example.com,Bekasi,2023-01-27
5372,485,Customer 485,customer485@example.com,Bogor,2023-08-23
5373,486,Customer 486,customer486@example.com,Medan,2024-08-24
5374,487,Customer 487,customer487@example.com,Jakarta,2024-11-19
5375,488,Customer 488,customer488@example.com,Bekasi,2024-08-13
5376,489,Customer 489,customer489@example.com,Jakarta,2023-06-29
5377,490,Customer 490,customer490@example.com,Surabaya,2024-06-15
5378,491,Customer 491,customer491@example.com,Surabaya,2023-10-12
5379,492,Customer 492,customer492@example.com,Depok,2024-08-22
5380,493,Customer 493,customer493@example.com,Yogyakarta,2024-10-12
5381,494,Customer 494,customer494@example.com,Surabaya,2023-04-04
5382,495,Customer 495,customer495@example.com,Surabaya,2023-12-23
5383,496,Customer 496,customer496@example.com,Yogyakarta,2023-12-08
5384,497,Customer 497,customer497@example.com,Bandung,2024-11-17
5385,498,Customer 498,customer498@example.com,Bogor,2023-06-14
5386,499,Customer 499,customer499@example.com,Bandung,2024-02-26
5387,500,Customer 500,customer500@example.com,Surabaya,2023-10-23
5388,501,Customer 501,customer501@example.com,Yogyakarta,2024-07-17
5389,502,Customer 502,customer502@example.com,Jakarta,2024-04-10
5390,503,Customer 503,customer503@example.com,Bogor,2023-11-19
5391,504,Customer 504,customer504@example.com,Bekasi,2023-11-28
5392,505,Customer 505,customer505@example.com,Bogor,2024-02-18
5393,506,Customer 506,customer506@example.com,Semarang,2023-01-02
5394,507,Customer 507,customer507@example.com,Semarang,2024-04-18
5395,508,Customer 508,customer508@example.com,Yogyakarta,2023-02-25
5396,509,Customer 509,customer509@example.com,Tangerang,2024-06-14
5397,510,Customer 510,customer510@example.com,Bandung,2024-09-29
5398,511,Customer 511,customer511@example.com,Surabaya,2024-10-02
5399,512,Customer 512,customer512@example.com,Surabaya,2023-02-22
5400,513,Customer 513,customer513@example.com,Tangerang,2023-10-01
5401,514,Customer 514,customer514@example.com,Semarang,2023-05-15
5402,515,Customer 515,customer515@example.com,Bekasi,2024-03-24
5403,516,Customer 516,customer516@example.com,Surabaya,2023-05-05
5404,517,Customer 517,customer517@example.com,Jakarta,2024-10-07
5405,518,Customer 518,customer518@example.com,Medan,2023-09-03
5406,519,Customer 519,customer519@example.com,Depok,2023-11-15
5407,520,Customer 520,customer520@example.com,Semarang,2023-01-15
5408,521,Customer 521,customer521@example.com,Semarang,2024-02-22
5409,522,Customer 522,customer522@example.com,Bogor,2023-08-19
5410,523,Customer 523,customer523@example.com,Bogor,2024-04-17
5411,524,Customer 524,customer524@example.com,Bogor,2024-10-25
5412,525,Customer 525,customer525@example.com,Depok,2024-05-25
5413,526,Customer 526,customer526@example.com,Bekasi,2024-06-05
5414,527,Customer 527,customer527@example.com,Bekasi,2024-03-01
5415,528,Customer 528,customer528@example.com,Surabaya,2024-04-28
5416,529,Customer 529,customer529@example.com,Tangerang,2024-04-12
5417,530,Customer 530,customer530@example.com,Semarang,2023-05-29
5418,531,Customer 531,customer531@example.com,Yogyakarta,2023-07-15
5419,532,Customer 532,customer532@example.com,Medan,2024-06-04
5420,533,Customer 533,customer533@example.com,Depok,2023-03-13
5421,534,Customer 534,customer534@example.com,Bekasi,2024-02-29
5422,535,Customer 535,customer535@example.com,Bandung,2024-06-03
5423,536,Customer 536,customer536@example.com,Bekasi,2023-01-03
5424,537,Customer 537,customer537@example.com,Bekasi,2023-11-02
5425,538,Customer 538,customer538@example.com,Medan,2024-08-16
5426,539,Customer 539,customer539@example.com,Surabaya,2023-06-02
5427,540,Customer 540,customer540@example.com,Surabaya,2024-07-05
5428,541,Customer 541,customer541@example.com,Surabaya,2023-12-20
5429,542,Customer 542,customer542@example.com,Bandung,2024-07-19
5430,543,Customer 543,customer543@example.com,Semarang,2024-01-22
5431,544,Customer 544,customer544@example.com,Surabaya,2023-11-26
5432,545,Customer 545,customer545@example.com,Tangerang,2024-12-15
5433,546,Customer 546,customer546@example.com,Tangerang,2024-08-08
5434,547,Customer 547,customer547@example.com,Yogyakarta,2023-08-28
5435,548,Customer 548,customer548@example.com,Yogyakarta,2023-02-14
5436,549,Customer 549,customer549@example.com,Bandung,2024-04-29
5437,550,Customer 550,customer550@example.com,Yogyakarta,2024-01-31
5438,551,Customer 551,customer551@example.com,Depok,2024-05-22
5439,552,Customer 552,customer552@example.com,Jakarta,2023-05-10
5440,553,Customer 553,customer553@example.com,Semarang,2024-08-27
5441,554,Customer 554,customer554@example.com,Bandung,2023-04-13
5442,555,Customer 555,customer555@example.com,Surabaya,2023-04-13
5443,556,Customer 556,customer556@example.com,Semarang,2024-04-12
5444,226,Customer 226,customer226@example.com,Tangerang,2024-02-13
5445,227,Customer 227,customer227@example.com,Bandung,2023-10-13
5446,228,Customer 228,customer228@example.com,Bogor,2023-10-13
5447,229,Customer 229,customer229@example.com,Bandung,2024-10-18
5448,230,Customer 230,customer230@example.com,Semarang,2024-02-14
5449,231,Customer 231,customer231@example.com,Semarang,2023-12-06
5450,232,Customer 232,customer232@example.com,Jakarta,2023-04-29
5451,233,Customer 233,customer233@example.com,Bekasi,2023-07-02
5452,234,Customer 234,customer234@example.com,Medan,2023-09-29
5453,235,Customer 235,customer235@example.com,Jakarta,2023-04-22
5454,236,Customer 236,customer236@example.com,Medan,2024-03-20
5455,237,Customer 237,customer237@example.com,Bandung,2023-11-18
5456,238,Customer 238,customer238@example.com,Yogyakarta,2024-09-12
5457,239,Customer 239,customer239@example.com,Semarang,2023-04-29
5458,240,Customer 240,customer240@example.com,Yogyakarta,2024-08-13
5459,241,Customer 241,customer241@example.com,Tangerang,2023-09-18
5460,242,Customer 242,customer242@example.com,Jakarta,2024-12-26
5461,243,Customer 243,customer243@example.com,Yogyakarta,2023-01-02
5462,244,Customer 244,customer244@example.com,Semarang,2024-07-05
5463,245,Customer 245,customer245@example.com,Tangerang,2024-01-08
5464,246,Customer 246,customer246@example.com,Yogyakarta,2023-03-13
5465,247,Customer 247,customer247@example.com,Bandung,2024-09-30
5466,248,Customer 248,customer248@example.com,Bandung,2024-11-10
5467,249,Customer 249,customer249@example.com,Bogor,2023-11-04
5468,250,Customer 250,customer250@example.com,Semarang,2023-11-13
5469,251,Customer 251,customer251@example.com,Yogyakarta,2023-12-01
5470,252,Customer 252,customer252@example.com,Yogyakarta,2024-12-14
5471,253,Customer 253,customer253@example.com,Bekasi,2024-07-21
5472,254,Customer 254,customer254@example.com,Depok,2023-07-16
5473,255,Customer 255,customer255@example.com,Yogyakarta,2024-11-11
5474,256,Customer 256,customer256@example.com,Yogyakarta,2024-11-24
5475,257,Customer 257,customer257@example.com,Depok,2024-09-22
5476,258,Customer 258,customer258@example.com,Medan,2023-11-05
5477,259,Customer 259,customer259@example.com,Yogyakarta,2024-07-15
5478,260,Customer 260,customer260@example.com,Jakarta,2023-11-08
5479,261,Customer 261,customer261@example.com,Bekasi,2023-08-04
5480,262,Customer 262,customer262@example.com,Yogyakarta,2024-08-16
5481,263,Customer 263,customer263@example.com,Medan,2024-11-01
5482,264,Customer 264,customer264@example.com,Bandung,2024-04-21
5483,265,Customer 265,customer265@example.com,Surabaya,2024-03-28
5484,266,Customer 266,customer266@example.com,Tangerang,2024-06-07
5485,267,Customer 267,customer267@example.com,Surabaya,2023-06-23
5486,268,Customer 268,customer268@example.com,Bogor,2023-10-18
5487,269,Customer 269,customer269@example.com,Semarang,2024-11-10
5488,270,Customer 270,customer270@example.com,Medan,2023-12-10
5489,271,Customer 271,customer271@example.com,Bogor,2023-08-29
5490,272,Customer 272,customer272@example.com,Bekasi,2023-08-19
5491,273,Customer 273,customer273@example.com,Tangerang,2023-05-31
5492,274,Customer 274,customer274@example.com,Jakarta,2023-02-17
5493,275,Customer 275,customer275@example.com,Tangerang,2024-05-01
5494,276,Customer 276,customer276@example.com,Medan,2023-03-16
5495,277,Customer 277,customer277@example.com,Surabaya,2024-02-29
5496,278,Customer 278,customer278@example.com,Medan,2023-07-19
5497,279,Customer 279,customer279@example.com,Yogyakarta,2024-05-21
5498,280,Customer 280,customer280@example.com,Yogyakarta,2023-09-07
5499,281,Customer 281,customer281@example.com,Depok,2024-11-02
5500,282,Customer 282,customer282@example.com,Jakarta,2023-04-20
5501,283,Customer 283,customer283@example.com,Yogyakarta,2023-08-13
5502,284,Customer 284,customer284@example.com,Depok,2024-12-13
5503,285,Customer 285,customer285@example.com,Semarang,2024-04-20
5504,286,Customer 286,customer286@example.com,Jakarta,2024-07-24
5505,287,Customer 287,customer287@example.com,Tangerang,2023-05-05
5506,288,Customer 288,customer288@example.com,Surabaya,2023-05-17
5507,289,Customer 289,customer289@example.com,Surabaya,2024-11-14
5508,290,Customer 290,customer290@example.com,Semarang,2024-07-26
5509,291,Customer 291,customer291@example.com,Medan,2023-11-21
5510,292,Customer 292,customer292@example.com,Surabaya,2024-09-19
5511,293,Customer 293,customer293@example.com,Semarang,2024-03-12
5512,294,Customer 294,customer294@example.com,Semarang,2024-04-01
5513,295,Customer 295,customer295@example.com,Depok,2024-05-01
5514,296,Customer 296,customer296@example.com,Surabaya,2023-09-23
5515,297,Customer 297,customer297@example.com,Tangerang,2024-10-14
5516,298,Customer 298,customer298@example.com,Bekasi,2024-06-17
5517,299,Customer 299,customer299@example.com,Surabaya,2024-10-03
5518,300,Customer 300,customer300@example.com,Tangerang,2023-10-09
5519,301,Customer 301,customer301@example.com,Surabaya,2023-03-21
5520,302,Customer 302,customer302@example.com,Bekasi,2023-08-29
5521,303,Customer 303,customer303@example.com,Bekasi,2023-12-10
5522,304,Customer 304,customer304@example.com,Bandung,2024-07-07
5523,305,Customer 305,customer305@example.com,Bogor,2023-05-22
5524,306,Customer 306,customer306@example.com,Depok,2023-08-25
5525,307,Customer 307,customer307@example.com,Yogyakarta,2024-12-11
5526,308,Customer 308,customer308@example.com,Depok,2024-12-24
5527,309,Customer 309,customer309@example.com,Tangerang,2023-03-07
5528,310,Customer 310,customer310@example.com,Yogyakarta,2024-02-22
5529,311,Customer 311,customer311@example.com,Bandung,2024-07-09
5530,312,Customer 312,customer312@example.com,Surabaya,2024-03-01
5531,313,Customer 313,customer313@example.com,Jakarta,2023-07-31
5532,314,Customer 314,customer314@example.com,Yogyakarta,2024-02-03
5533,315,Customer 315,customer315@example.com,Medan,2024-12-13
5534,316,Customer 316,customer316@example.com,Jakarta,2024-08-12
5535,317,Customer 317,customer317@example.com,Yogyakarta,2024-05-03
5536,318,Customer 318,customer318@example.com,Jakarta,2023-12-27
5537,319,Customer 319,customer319@example.com,Bekasi,2024-02-04
5538,320,Customer 320,customer320@example.com,Yogyakarta,2024-07-05
5539,321,Customer 321,customer321@example.com,Semarang,2024-09-09
5540,322,Customer 322,customer322@example.com,Tangerang,2024-05-14
5541,323,Customer 323,customer323@example.com,Tangerang,2023-10-07
5542,324,Customer 324,customer324@example.com,Yogyakarta,2024-05-12
5543,325,Customer 325,customer325@example.com,Jakarta,2024-02-03
5544,326,Customer 326,customer326@example.com,Bandung,2024-11-15
5545,327,Customer 327,customer327@example.com,Yogyakarta,2023-06-19
5546,328,Customer 328,customer328@example.com,Surabaya,2023-05-11
5547,329,Customer 329,customer329@example.com,Medan,2024-06-30
5548,330,Customer 330,customer330@example.com,Jakarta,2024-02-08
5549,331,Customer 331,customer331@example.com,Medan,2024-07-31
5550,332,Customer 332,customer332@example.com,Jakarta,2023-03-27
5551,333,Customer 333,customer333@example.com,Yogyakarta,2023-05-19
5552,334,Customer 334,customer334@example.com,Surabaya,2023-07-06
5553,335,Customer 335,customer335@example.com,Jakarta,2023-09-24
5554,557,Customer 557,customer557@example.com,Jakarta,2023-05-28
5555,558,Customer 558,customer558@example.com,Yogyakarta,2024-11-01
5556,559,Customer 559,customer559@example.com,Depok,2023-03-18
5557,560,Customer 560,customer560@example.com,Surabaya,2023-09-29
5558,561,Customer 561,customer561@example.com,Bandung,2024-09-30
5559,562,Customer 562,customer562@example.com,Yogyakarta,2024-10-27
5560,563,Customer 563,customer563@example.com,Bogor,2023-12-03
5561,564,Customer 564,customer564@example.com,Semarang,2024-01-25
5562,565,Customer 565,customer565@example.com,Bandung,2024-10-03
5563,566,Customer 566,customer566@example.com,Surabaya,2024-07-08
5564,567,Customer 567,customer567@example.com,Jakarta,2024-09-24
5565,568,Customer 568,customer568@example.com,Bogor,2023-08-29
5566,569,Customer 569,customer569@example.com,Bekasi,2023-08-21
5567,570,Customer 570,customer570@example.com,Bogor,2024-03-20
5568,571,Customer 571,customer571@example.com,Bogor,2024-10-10
5569,572,Customer 572,customer572@example.com,Bogor,2024-03-30
5570,573,Customer 573,customer573@example.com,Depok,2024-12-11
5571,574,Customer 574,customer574@example.com,Bekasi,2023-01-30
5572,575,Customer 575,customer575@example.com,Jakarta,2023-11-29
5573,576,Customer 576,customer576@example.com,Jakarta,2023-10-28
5574,577,Customer 577,customer577@example.com,Bandung,2024-01-19
5575,578,Customer 578,customer578@example.com,Yogyakarta,2023-05-30
5576,579,Customer 579,customer579@example.com,Tangerang,2024-06-27
5577,580,Customer 580,customer580@example.com,Yogyakarta,2024-08-02
5578,581,Customer 581,customer581@example.com,Depok,2023-06-24
5579,582,Customer 582,customer582@example.com,Depok,2023-03-22
5580,583,Customer 583,customer583@example.com,Medan,2024-01-27
5581,584,Customer 584,customer584@example.com,Medan,2024-11-30
5582,585,Customer 585,customer585@example.com,Tangerang,2024-05-24
5583,586,Customer 586,customer586@example.com,Medan,2023-05-27
5584,587,Customer 587,customer587@example.com,Tangerang,2024-04-17
5585,588,Customer 588,customer588@example.com,Bekasi,2024-04-15
5586,589,Customer 589,customer589@example.com,Bekasi,2024-11-13
5587,590,Customer 590,customer590@example.com,Jakarta,2024-04-21
5588,591,Customer 591,customer591@example.com,Bekasi,2024-11-24
5589,592,Customer 592,customer592@example.com,Semarang,2023-06-11
5590,593,Customer 593,customer593@example.com,Bogor,2024-03-28
5591,594,Customer 594,customer594@example.com,Bandung,2024-08-24
5592,595,Customer 595,customer595@example.com,Bekasi,2024-10-16
5593,596,Customer 596,customer596@example.com,Yogyakarta,2024-12-07
5594,597,Customer 597,customer597@example.com,Bekasi,2024-04-12
5595,598,Customer 598,customer598@example.com,Bekasi,2023-07-23
5596,599,Customer 599,customer599@example.com,Yogyakarta,2024-05-09
5597,600,Customer 600,customer600@example.com,Bogor,2023-08-31
5598,601,Customer 601,customer601@example.com,Yogyakarta,2024-08-08
5599,602,Customer 602,customer602@example.com,Bandung,2024-08-11
5600,603,Customer 603,customer603@example.com,Bekasi,2024-12-17
5601,604,Customer 604,customer604@example.com,Bekasi,2023-01-23
5602,605,Customer 605,customer605@example.com,Yogyakarta,2023-10-09
5603,606,Customer 606,customer606@example.com,Jakarta,2024-08-02
5604,607,Customer 607,customer607@example.com,Jakarta,2024-09-12
5605,608,Customer 608,customer608@example.com,Surabaya,2023-10-21
5606,609,Customer 609,customer609@example.com,Tangerang,2024-09-13
5607,610,Customer 610,customer610@example.com,Bandung,2023-08-13
5608,611,Customer 611,customer611@example.com,Tangerang,2024-09-27
5609,612,Customer 612,customer612@example.com,Bekasi,2024-11-25
5610,613,Customer 613,customer613@example.com,Depok,2024-10-05
5611,614,Customer 614,customer614@example.com,Bogor,2024-10-04
5612,615,Customer 615,customer615@example.com,Jakarta,2023-11-13
5613,616,Customer 616,customer616@example.com,Surabaya,2023-02-04
5614,617,Customer 617,customer617@example.com,Medan,2024-01-09
5615,618,Customer 618,customer618@example.com,Depok,2023-04-03
5616,619,Customer 619,customer619@example.com,Bekasi,2023-12-01
5617,620,Customer 620,customer620@example.com,Yogyakarta,2023-06-29
5618,621,Customer 621,customer621@example.com,Tangerang,2023-05-16
5619,622,Customer 622,customer622@example.com,Semarang,2024-01-10
5620,623,Customer 623,customer623@example.com,Semarang,2024-05-28
5621,624,Customer 624,customer624@example.com,Bekasi,2023-06-18
5622,625,Customer 625,customer625@example.com,Bekasi,2024-05-08
5623,626,Customer 626,customer626@example.com,Bekasi,2023-12-13
5624,627,Customer 627,customer627@example.com,Bogor,2024-04-24
5625,628,Customer 628,customer628@example.com,Bogor,2023-05-25
5626,629,Customer 629,customer629@example.com,Tangerang,2024-11-23
5627,630,Customer 630,customer630@example.com,Yogyakarta,2024-07-24
5628,631,Customer 631,customer631@example.com,Bandung,2023-04-03
5629,632,Customer 632,customer632@example.com,Yogyakarta,2023-01-15
5630,633,Customer 633,customer633@example.com,Bekasi,2024-07-03
5631,634,Customer 634,customer634@example.com,Bogor,2024-04-10
5632,635,Customer 635,customer635@example.com,Bandung,2024-11-19
5633,636,Customer 636,customer636@example.com,Bekasi,2024-08-21
5634,637,Customer 637,customer637@example.com,Yogyakarta,2024-10-15
5635,638,Customer 638,customer638@example.com,Bandung,2023-04-21
5636,639,Customer 639,customer639@example.com,Tangerang,2024-04-27
5637,640,Customer 640,customer640@example.com,Jakarta,2024-09-26
5638,641,Customer 641,customer641@example.com,Semarang,2023-12-02
5639,642,Customer 642,customer642@example.com,Medan,2023-08-15
5640,643,Customer 643,customer643@example.com,Bogor,2024-10-12
5641,644,Customer 644,customer644@example.com,Surabaya,2024-12-18
5642,645,Customer 645,customer645@example.com,Bekasi,2024-10-26
5643,646,Customer 646,customer646@example.com,Yogyakarta,2023-04-30
5644,647,Customer 647,customer647@example.com,Depok,2023-02-16
5645,648,Customer 648,customer648@example.com,Jakarta,2023-11-08
5646,649,Customer 649,customer649@example.com,Surabaya,2023-04-29
5647,650,Customer 650,customer650@example.com,Bogor,2023-08-29
5648,651,Customer 651,customer651@example.com,Semarang,2023-05-19
5649,652,Customer 652,customer652@example.com,Yogyakarta,2024-04-09
5650,653,Customer 653,customer653@example.com,Bandung,2024-11-17
5651,654,Customer 654,customer654@example.com,Semarang,2024-03-05
5652,655,Customer 655,customer655@example.com,Medan,2023-06-08
5653,656,Customer 656,customer656@example.com,Yogyakarta,2024-11-01
5654,657,Customer 657,customer657@example.com,Bogor,2024-05-16
5655,658,Customer 658,customer658@example.com,Medan,2024-02-22
5656,659,Customer 659,customer659@example.com,Bekasi,2023-02-03
5657,660,Customer 660,customer660@example.com,Bandung,2023-08-11
5658,661,Customer 661,customer661@example.com,Surabaya,2024-03-31
5659,662,Customer 662,customer662@example.com,Tangerang,2024-01-07
5660,663,Customer 663,customer663@example.com,Bogor,2024-12-03
5661,664,Customer 664,customer664@example.com,Bandung,2024-07-11
5662,665,Customer 665,customer665@example.com,Bandung,2023-03-04
5663,666,Customer 666,customer666@example.com,Yogyakarta,2023-10-10
5664,667,Customer 667,customer667@example.com,Tangerang,2023-05-06
5665,668,Customer 668,customer668@example.com,Surabaya,2023-04-04
5666,669,Customer 669,customer669@example.com,Tangerang,2024-10-19
5667,670,Customer 670,customer670@example.com,Medan,2023-01-22
5668,671,Customer 671,customer671@example.com,Jakarta,2023-12-08
5669,672,Customer 672,customer672@example.com,Tangerang,2023-05-09
5670,673,Customer 673,customer673@example.com,Medan,2023-07-30
5671,674,Customer 674,customer674@example.com,Bogor,2024-07-21
5672,675,Customer 675,customer675@example.com,Tangerang,2024-08-23
5673,676,Customer 676,customer676@example.com,Tangerang,2023-08-27
5674,677,Customer 677,customer677@example.com,Bandung,2023-06-01
5675,678,Customer 678,customer678@example.com,Medan,2023-01-03
5676,679,Customer 679,customer679@example.com,Bekasi,2023-05-29
5677,680,Customer 680,customer680@example.com,Depok,2024-07-07
5678,681,Customer 681,customer681@example.com,Bekasi,2023-06-28
5679,682,Customer 682,customer682@example.com,Bogor,2024-11-07
5680,683,Customer 683,customer683@example.com,Jakarta,2023-05-15
5681,684,Customer 684,customer684@example.com,Jakarta,2024-01-02
5682,685,Customer 685,customer685@example.com,Tangerang,2024-08-25
5683,686,Customer 686,customer686@example.com,Bandung,2023-01-17
5684,687,Customer 687,customer687@example.com,Depok,2023-09-29
5685,688,Customer 688,customer688@example.com,Jakarta,2023-05-10
5686,689,Customer 689,customer689@example.com,Yogyakarta,2024-06-22
5687,690,Customer 690,customer690@example.com,Bogor,2023-03-07
5688,691,Customer 691,customer691@example.com,Surabaya,2024-04-04
5689,692,Customer 692,customer692@example.com,Bandung,2024-06-09
5690,693,Customer 693,customer693@example.com,Medan,2023-04-22
5691,694,Customer 694,customer694@example.com,Surabaya,2024-05-30
5692,695,Customer 695,customer695@example.com,Tangerang,2024-09-21
5693,696,Customer 696,customer696@example.com,Jakarta,2024-11-05
5694,697,Customer 697,customer697@example.com,Semarang,2023-11-05
5695,698,Customer 698,customer698@example.com,Surabaya,2024-10-20
5696,699,Customer 699,customer699@example.com,Jakarta,2023-03-04
5697,700,Customer 700,customer700@example.com,Surabaya,2024-02-16
5698,701,Customer 701,customer701@example.com,Yogyakarta,2024-12-03
5699,702,Customer 702,customer702@example.com,Bogor,2024-05-17
5700,703,Customer 703,customer703@example.com,Surabaya,2023-03-17
5701,704,Customer 704,customer704@example.com,Bogor,2023-11-26
5702,705,Customer 705,customer705@example.com,Medan,2023-06-01
5703,706,Customer 706,customer706@example.com,Bogor,2023-05-10
5704,707,Customer 707,customer707@example.com,Bekasi,2024-10-01
5705,708,Customer 708,customer708@example.com,Medan,2024-07-15
5706,709,Customer 709,customer709@example.com,Bandung,2024-01-26
5707,710,Customer 710,customer710@example.com,Medan,2024-06-27
5708,711,Customer 711,customer711@example.com,Bekasi,2024-04-09
5709,712,Customer 712,customer712@example.com,Semarang,2024-09-11
5710,713,Customer 713,customer713@example.com,Yogyakarta,2023-04-12
5711,714,Customer 714,customer714@example.com,Bogor,2024-11-01
5712,715,Customer 715,customer715@example.com,Semarang,2023-08-09
5713,716,Customer 716,customer716@example.com,Yogyakarta,2024-04-07
5714,717,Customer 717,customer717@example.com,Tangerang,2024-02-28
5715,718,Customer 718,customer718@example.com,Bandung,2024-04-09
5716,719,Customer 719,customer719@example.com,Yogyakarta,2024-03-01
5717,720,Customer 720,customer720@example.com,Bogor,2023-11-17
5718,721,Customer 721,customer721@example.com,Yogyakarta,2023-11-17
5719,722,Customer 722,customer722@example.com,Bekasi,2024-01-19
5720,723,Customer 723,customer723@example.com,Depok,2024-12-04
5721,724,Customer 724,customer724@example.com,Surabaya,2023-03-10
5722,725,Customer 725,customer725@example.com,Bogor,2023-03-29
5723,726,Customer 726,customer726@example.com,Bogor,2024-03-18
5724,727,Customer 727,customer727@example.com,Bogor,2024-01-17
5725,728,Customer 728,customer728@example.com,Depok,2024-07-23
5726,729,Customer 729,customer729@example.com,Jakarta,2024-08-23
5727,730,Customer 730,customer730@example.com,Semarang,2024-07-29
5728,731,Customer 731,customer731@example.com,Bandung,2024-11-17
5729,732,Customer 732,customer732@example.com,Bogor,2024-02-25
5730,733,Customer 733,customer733@example.com,Bandung,2024-11-12
5731,734,Customer 734,customer734@example.com,Yogyakarta,2023-02-22
5732,735,Customer 735,customer735@example.com,Bekasi,2024-09-06
5733,736,Customer 736,customer736@example.com,Bekasi,2023-12-27
5734,737,Customer 737,customer737@example.com,Bogor,2024-08-14
5735,738,Customer 738,customer738@example.com,Semarang,2023-08-06
5736,739,Customer 739,customer739@example.com,Depok,2024-11-03
5737,740,Customer 740,customer740@example.com,Surabaya,2023-08-18
5738,741,Customer 741,customer741@example.com,Bogor,2023-12-25
5739,742,Customer 742,customer742@example.com,Semarang,2024-01-12
5740,743,Customer 743,customer743@example.com,Bogor,2023-10-13
5741,744,Customer 744,customer744@example.com,Medan,2023-08-20
5742,745,Customer 745,customer745@example.com,Yogyakarta,2024-07-28
5743,746,Customer 746,customer746@example.com,Medan,2024-09-20
5744,747,Customer 747,customer747@example.com,Semarang,2023-01-27
5745,748,Customer 748,customer748@example.com,Medan,2024-11-04
5746,749,Customer 749,customer749@example.com,Bekasi,2023-01-30
5747,750,Customer 750,customer750@example.com,Depok,2023-10-07
5748,751,Customer 751,customer751@example.com,Bekasi,2023-12-14
5749,752,Customer 752,customer752@example.com,Bandung,2023-01-07
5750,753,Customer 753,customer753@example.com,Depok,2023-05-27
5751,754,Customer 754,customer754@example.com,Medan,2024-11-04
5752,755,Customer 755,customer755@example.com,Yogyakarta,2023-03-13
5753,756,Customer 756,customer756@example.com,Depok,2024-10-10
5754,757,Customer 757,customer757@example.com,Jakarta,2023-04-04
5755,758,Customer 758,customer758@example.com,Semarang,2023-08-09
5756,759,Customer 759,customer759@example.com,Yogyakarta,2024-03-05
5757,760,Customer 760,customer760@example.com,Surabaya,2023-12-16
5758,761,Customer 761,customer761@example.com,Depok,2024-01-14
5759,762,Customer 762,customer762@example.com,Bekasi,2023-11-29
5760,763,Customer 763,customer763@example.com,Medan,2024-09-02
5761,764,Customer 764,customer764@example.com,Bogor,2023-02-23
5762,765,Customer 765,customer765@example.com,Depok,2023-06-11
5763,766,Customer 766,customer766@example.com,Medan,2023-02-20
5764,767,Customer 767,customer767@example.com,Bogor,2023-10-06
5765,768,Customer 768,customer768@example.com,Surabaya,2024-11-08
5766,769,Customer 769,customer769@example.com,Yogyakarta,2024-05-12
5767,770,Customer 770,customer770@example.com,Medan,2024-03-28
5768,771,Customer 771,customer771@example.com,Yogyakarta,2023-10-07
5769,772,Customer 772,customer772@example.com,Tangerang,2024-06-08
5770,773,Customer 773,customer773@example.com,Bogor,2023-12-20
5771,774,Customer 774,customer774@example.com,Yogyakarta,2023-04-24
5772,775,Customer 775,customer775@example.com,Bekasi,2024-11-25
5773,776,Customer 776,customer776@example.com,Medan,2024-05-13
5774,777,Customer 777,customer777@example.com,Semarang,2024-11-14
5775,778,Customer 778,customer778@example.com,Bekasi,2023-02-16
5776,779,Customer 779,customer779@example.com,Tangerang,2024-02-09
5777,780,Customer 780,customer780@example.com,Medan,2023-02-26
5778,781,Customer 781,customer781@example.com,Jakarta,2023-07-29
5779,782,Customer 782,customer782@example.com,Bekasi,2023-08-05
5780,783,Customer 783,customer783@example.com,Depok,2023-09-19
5781,784,Customer 784,customer784@example.com,Bekasi,2023-12-02
5782,785,Customer 785,customer785@example.com,Bogor,2023-01-08
5783,786,Customer 786,customer786@example.com,Surabaya,2024-03-16
5784,787,Customer 787,customer787@example.com,Depok,2023-05-13
5785,788,Customer 788,customer788@example.com,Yogyakarta,2024-06-29
5786,789,Customer 789,customer789@example.com,Tangerang,2024-05-27
5787,790,Customer 790,customer790@example.com,Semarang,2024-11-15
5788,791,Customer 791,customer791@example.com,Bandung,2023-03-15
5789,792,Customer 792,customer792@example.com,Yogyakarta,2023-02-13
5790,793,Customer 793,customer793@example.com,Yogyakarta,2023-01-20
5791,794,Customer 794,customer794@example.com,Surabaya,2023-03-21
5792,795,Customer 795,customer795@example.com,Bandung,2024-08-12
5793,796,Customer 796,customer796@example.com,Yogyakarta,2024-08-10
5794,797,Customer 797,customer797@example.com,Yogyakarta,2024-12-27
5795,798,Customer 798,customer798@example.com,Yogyakarta,2023-10-24
5796,799,Customer 799,customer799@example.com,Bogor,2024-02-19
5797,800,Customer 800,customer800@example.com,Jakarta,2023-11-29
5798,801,Customer 801,customer801@example.com,Depok,2024-09-24
5799,802,Customer 802,customer802@example.com,Surabaya,2024-12-07
5800,803,Customer 803,customer803@example.com,Bandung,2023-04-01
5801,804,Customer 804,customer804@example.com,Yogyakarta,2023-04-19
5802,805,Customer 805,customer805@example.com,Tangerang,2024-03-22
5803,806,Customer 806,customer806@example.com,Medan,2024-02-15
5804,807,Customer 807,customer807@example.com,Semarang,2023-03-22
5805,808,Customer 808,customer808@example.com,Yogyakarta,2023-11-14
5806,809,Customer 809,customer809@example.com,Bandung,2023-08-15
5807,810,Customer 810,customer810@example.com,Bandung,2023-06-22
5808,811,Customer 811,customer811@example.com,Bogor,2024-06-06
5809,812,Customer 812,customer812@example.com,Bogor,2024-06-27
5810,813,Customer 813,customer813@example.com,Semarang,2023-07-18
5811,814,Customer 814,customer814@example.com,Bandung,2023-12-26
5812,815,Customer 815,customer815@example.com,Depok,2023-08-30
5813,816,Customer 816,customer816@example.com,Bogor,2023-05-30
5814,817,Customer 817,customer817@example.com,Bekasi,2023-07-22
5815,818,Customer 818,customer818@example.com,Depok,2024-09-08
5816,819,Customer 819,customer819@example.com,Depok,2024-11-02
5817,820,Customer 820,customer820@example.com,Bogor,2023-07-01
5818,821,Customer 821,customer821@example.com,Surabaya,2024-04-20
5819,822,Customer 822,customer822@example.com,Medan,2024-08-16
5820,823,Customer 823,customer823@example.com,Surabaya,2024-11-28
5821,824,Customer 824,customer824@example.com,Medan,2024-10-20
5822,825,Customer 825,customer825@example.com,Medan,2023-11-27
5823,826,Customer 826,customer826@example.com,Bandung,2023-06-04
5824,827,Customer 827,customer827@example.com,Surabaya,2023-03-11
5825,828,Customer 828,customer828@example.com,Surabaya,2024-03-28
5826,829,Customer 829,customer829@example.com,Bekasi,2023-10-09
5827,830,Customer 830,customer830@example.com,Medan,2023-02-27
5828,831,Customer 831,customer831@example.com,Bandung,2024-06-03
5829,832,Customer 832,customer832@example.com,Bogor,2023-11-14
5830,833,Customer 833,customer833@example.com,Surabaya,2024-04-07
5831,834,Customer 834,customer834@example.com,Jakarta,2023-02-28
5832,835,Customer 835,customer835@example.com,Bandung,2023-10-21
5833,836,Customer 836,customer836@example.com,Bogor,2024-10-22
5834,837,Customer 837,customer837@example.com,Bogor,2024-09-21
5835,838,Customer 838,customer838@example.com,Medan,2024-06-03
5836,839,Customer 839,customer839@example.com,Yogyakarta,2024-04-18
5837,840,Customer 840,customer840@example.com,Medan,2024-07-21
5838,841,Customer 841,customer841@example.com,Jakarta,2024-04-05
5839,842,Customer 842,customer842@example.com,Medan,2024-10-29
5840,843,Customer 843,customer843@example.com,Tangerang,2023-11-26
5841,844,Customer 844,customer844@example.com,Medan,2024-05-02
5842,845,Customer 845,customer845@example.com,Semarang,2023-06-04
5843,846,Customer 846,customer846@example.com,Jakarta,2024-04-06
5844,847,Customer 847,customer847@example.com,Bogor,2023-12-18
5845,848,Customer 848,customer848@example.com,Bogor,2024-05-31
5846,849,Customer 849,customer849@example.com,Depok,2023-02-10
5847,850,Customer 850,customer850@example.com,Tangerang,2024-12-25
5848,851,Customer 851,customer851@example.com,Surabaya,2024-03-25
5849,852,Customer 852,customer852@example.com,Semarang,2024-06-19
5850,853,Customer 853,customer853@example.com,Medan,2023-06-12
5851,854,Customer 854,customer854@example.com,Bandung,2024-01-17
5852,855,Customer 855,customer855@example.com,Bekasi,2024-02-01
5853,856,Customer 856,customer856@example.com,Yogyakarta,2023-12-13
5854,857,Customer 857,customer857@example.com,Medan,2023-02-23
5855,858,Customer 858,customer858@example.com,Bandung,2023-03-09
5856,859,Customer 859,customer859@example.com,Bandung,2023-04-07
5857,860,Customer 860,customer860@example.com,Semarang,2024-11-25
5858,861,Customer 861,customer861@example.com,Yogyakarta,2023-10-18
5859,862,Customer 862,customer862@example.com,Bekasi,2024-11-03
5860,863,Customer 863,customer863@example.com,Medan,2023-06-03
5861,864,Customer 864,customer864@example.com,Bandung,2023-03-25
5862,865,Customer 865,customer865@example.com,Medan,2024-11-10
5863,866,Customer 866,customer866@example.com,Depok,2023-12-25
5864,867,Customer 867,customer867@example.com,Bekasi,2024-11-02
5865,868,Customer 868,customer868@example.com,Yogyakarta,2023-05-13
5866,869,Customer 869,customer869@example.com,Medan,2024-12-26
5867,870,Customer 870,customer870@example.com,Bogor,2023-11-14
5868,871,Customer 871,customer871@example.com,Semarang,2024-01-21
5869,872,Customer 872,customer872@example.com,Bandung,2023-05-11
5870,873,Customer 873,customer873@example.com,Semarang,2023-04-06
5871,874,Customer 874,customer874@example.com,Yogyakarta,2024-06-04
5872,875,Customer 875,customer875@example.com,Bandung,2023-01-19
5873,876,Customer 876,customer876@example.com,Bandung,2023-11-13
5874,877,Customer 877,customer877@example.com,Depok,2023-08-08
5875,878,Customer 878,customer878@example.com,Bandung,2024-05-12
5876,879,Customer 879,customer879@example.com,Tangerang,2023-08-20
5877,880,Customer 880,customer880@example.com,Depok,2023-06-08
5878,881,Customer 881,customer881@example.com,Bogor,2023-10-30
5879,882,Customer 882,customer882@example.com,Bogor,2024-06-03
5880,883,Customer 883,customer883@example.com,Semarang,2024-06-23
5881,884,Customer 884,customer884@example.com,Jakarta,2024-11-08
5882,885,Customer 885,customer885@example.com,Bandung,2024-09-24
5883,886,Customer 886,customer886@example.com,Depok,2024-09-03
5884,887,Customer 887,customer887@example.com,Yogyakarta,2023-06-07
5885,888,Customer 888,customer888@example.com,Depok,2023-07-05
5886,996,Customer 996,customer996@example.com,Yogyakarta,2023-10-09
5887,997,Customer 997,customer997@example.com,Jakarta,2023-03-18
5888,998,Customer 998,customer998@example.com,Yogyakarta,2024-01-08
5889,999,Customer 999,customer999@example.com,Semarang,2024-11-26
5890,1000,Customer 1000,customer1000@example.com,Depok,2023-02-01
5891,115,Customer 115,customer115@example.com,Medan,2024-08-13
5892,116,Customer 116,customer116@example.com,Surabaya,2023-09-06
5893,117,Customer 117,customer117@example.com,Surabaya,2024-02-21
5894,118,Customer 118,customer118@example.com,Tangerang,2023-04-07
5895,119,Customer 119,customer119@example.com,Bogor,2024-11-05
5896,120,Customer 120,customer120@example.com,Yogyakarta,2023-12-29
5897,121,Customer 121,customer121@example.com,Yogyakarta,2024-02-25
5898,122,Customer 122,customer122@example.com,Surabaya,2023-02-25
5899,123,Customer 123,customer123@example.com,Bogor,2023-03-04
5900,124,Customer 124,customer124@example.com,Yogyakarta,2023-12-14
5901,125,Customer 125,customer125@example.com,Bogor,2023-09-12
5902,126,Customer 126,customer126@example.com,Tangerang,2023-07-14
5903,127,Customer 127,customer127@example.com,Semarang,2024-04-04
5904,128,Customer 128,customer128@example.com,Depok,2024-03-08
5905,129,Customer 129,customer129@example.com,Depok,2023-10-13
5906,130,Customer 130,customer130@example.com,Surabaya,2023-09-13
5907,131,Customer 131,customer131@example.com,Bogor,2024-03-29
5908,132,Customer 132,customer132@example.com,Semarang,2023-04-11
5909,133,Customer 133,customer133@example.com,Jakarta,2024-10-29
5910,134,Customer 134,customer134@example.com,Semarang,2023-01-16
5911,135,Customer 135,customer135@example.com,Bogor,2023-08-31
5912,136,Customer 136,customer136@example.com,Depok,2024-02-21
5913,137,Customer 137,customer137@example.com,Surabaya,2024-05-07
5914,138,Customer 138,customer138@example.com,Tangerang,2024-02-15
5915,139,Customer 139,customer139@example.com,Jakarta,2023-06-18
5916,140,Customer 140,customer140@example.com,Yogyakarta,2023-01-03
5917,141,Customer 141,customer141@example.com,Yogyakarta,2023-09-29
5918,142,Customer 142,customer142@example.com,Surabaya,2023-10-20
5919,143,Customer 143,customer143@example.com,Yogyakarta,2024-12-14
5920,144,Customer 144,customer144@example.com,Semarang,2024-11-08
5921,145,Customer 145,customer145@example.com,Surabaya,2023-06-08
5922,146,Customer 146,customer146@example.com,Tangerang,2023-10-31
5923,147,Customer 147,customer147@example.com,Tangerang,2023-03-01
5924,148,Customer 148,customer148@example.com,Medan,2024-07-09
5925,149,Customer 149,customer149@example.com,Jakarta,2023-11-18
5926,150,Customer 150,customer150@example.com,Jakarta,2023-02-21
5927,151,Customer 151,customer151@example.com,Medan,2024-05-03
5928,152,Customer 152,customer152@example.com,Semarang,2024-06-27
5929,153,Customer 153,customer153@example.com,Depok,2023-02-28
5930,154,Customer 154,customer154@example.com,Semarang,2023-03-24
5931,155,Customer 155,customer155@example.com,Depok,2023-03-12
5932,156,Customer 156,customer156@example.com,Medan,2023-03-11
5933,157,Customer 157,customer157@example.com,Tangerang,2024-02-18
5934,158,Customer 158,customer158@example.com,Bogor,2024-08-06
5935,159,Customer 159,customer159@example.com,Tangerang,2024-08-15
5936,160,Customer 160,customer160@example.com,Medan,2023-02-10
5937,161,Customer 161,customer161@example.com,Medan,2023-03-25
5938,162,Customer 162,customer162@example.com,Yogyakarta,2024-11-04
5939,163,Customer 163,customer163@example.com,Medan,2024-08-01
5940,164,Customer 164,customer164@example.com,Semarang,2023-11-20
5941,165,Customer 165,customer165@example.com,Bekasi,2023-07-29
5942,166,Customer 166,customer166@example.com,Bandung,2023-09-02
5943,167,Customer 167,customer167@example.com,Bekasi,2024-02-10
5944,168,Customer 168,customer168@example.com,Depok,2024-11-18
5945,169,Customer 169,customer169@example.com,Bekasi,2024-04-13
5946,170,Customer 170,customer170@example.com,Bandung,2023-03-16
5947,171,Customer 171,customer171@example.com,Jakarta,2024-04-14
5948,172,Customer 172,customer172@example.com,Medan,2024-07-30
5949,173,Customer 173,customer173@example.com,Bogor,2023-03-17
5950,174,Customer 174,customer174@example.com,Semarang,2023-08-07
5951,175,Customer 175,customer175@example.com,Semarang,2023-09-29
5952,176,Customer 176,customer176@example.com,Depok,2023-12-24
5953,177,Customer 177,customer177@example.com,Bogor,2023-09-08
5954,178,Customer 178,customer178@example.com,Bandung,2023-10-19
5955,179,Customer 179,customer179@example.com,Depok,2024-03-24
5956,180,Customer 180,customer180@example.com,Semarang,2024-12-21
5957,181,Customer 181,customer181@example.com,Bekasi,2024-09-18
5958,182,Customer 182,customer182@example.com,Semarang,2023-01-09
5959,183,Customer 183,customer183@example.com,Semarang,2023-11-03
5960,184,Customer 184,customer184@example.com,Bogor,2023-05-18
5961,185,Customer 185,customer185@example.com,Bekasi,2023-04-29
5962,186,Customer 186,customer186@example.com,Bogor,2024-07-20
5963,187,Customer 187,customer187@example.com,Depok,2023-10-06
5964,188,Customer 188,customer188@example.com,Bekasi,2024-09-11
5965,189,Customer 189,customer189@example.com,Tangerang,2023-12-18
5966,190,Customer 190,customer190@example.com,Tangerang,2024-12-04
5967,191,Customer 191,customer191@example.com,Bekasi,2024-06-01
5968,192,Customer 192,customer192@example.com,Surabaya,2023-09-15
5969,193,Customer 193,customer193@example.com,Jakarta,2023-04-05
5970,194,Customer 194,customer194@example.com,Yogyakarta,2023-10-11
5971,195,Customer 195,customer195@example.com,Jakarta,2023-01-04
5972,196,Customer 196,customer196@example.com,Bandung,2023-05-14
5973,197,Customer 197,customer197@example.com,Bekasi,2023-06-15
5974,198,Customer 198,customer198@example.com,Surabaya,2024-07-18
5975,199,Customer 199,customer199@example.com,Yogyakarta,2024-07-28
5976,200,Customer 200,customer200@example.com,Jakarta,2023-04-25
5977,201,Customer 201,customer201@example.com,Bogor,2024-12-08
5978,202,Customer 202,customer202@example.com,Depok,2024-07-12
5979,203,Customer 203,customer203@example.com,Jakarta,2024-01-14
5980,204,Customer 204,customer204@example.com,Medan,2024-07-19
5981,205,Customer 205,customer205@example.com,Depok,2024-03-16
5982,206,Customer 206,customer206@example.com,Depok,2023-02-12
5983,207,Customer 207,customer207@example.com,Bekasi,2024-01-09
5984,208,Customer 208,customer208@example.com,Jakarta,2024-01-02
5985,209,Customer 209,customer209@example.com,Tangerang,2024-11-29
5986,210,Customer 210,customer210@example.com,Tangerang,2024-11-13
5987,211,Customer 211,customer211@example.com,Bogor,2023-12-29
5988,212,Customer 212,customer212@example.com,Semarang,2024-02-21
5989,213,Customer 213,customer213@example.com,Medan,2023-06-08
5990,214,Customer 214,customer214@example.com,Tangerang,2023-06-16
5991,215,Customer 215,customer215@example.com,Depok,2024-02-27
5992,216,Customer 216,customer216@example.com,Jakarta,2023-07-03
5993,217,Customer 217,customer217@example.com,Bandung,2024-02-26
5994,218,Customer 218,customer218@example.com,Tangerang,2023-10-01
5995,219,Customer 219,customer219@example.com,Depok,2024-12-19
5996,220,Customer 220,customer220@example.com,Bogor,2024-01-27
5997,221,Customer 221,customer221@example.com,Jakarta,2024-04-26
5998,222,Customer 222,customer222@example.com,Tangerang,2023-07-24
5999,223,Customer 223,customer223@example.com,Surabaya,2023-12-25
6000,224,Customer 224,customer224@example.com,Bekasi,2023-08-22
