date_key,full_date,day,day_name,week,month,month_name,quarter,year
20230101,2023-01-01,1,Sunday,1,1,January,1,2023
20230102,2023-01-02,2,Monday,1,1,January,1,2023
20230103,2023-01-03,3,Tuesday,1,1,January,1,2023
20230104,2023-01-04,4,Wednesday,1,1,January,1,2023
20230105,2023-01-05,5,Thursday,1,1,January,1,2023
20230106,2023-01-06,6,Friday,1,1,January,1,2023
20230107,2023-01-07,7,Saturday,1,1,January,1,2023
20230108,2023-01-08,8,Sunday,2,1,January,1,2023
20230109,2023-01-09,9,Monday,2,1,January,1,2023
20230110,2023-01-10,10,Tuesday,2,1,January,1,2023
20230111,2023-01-11,11,Wednesday,2,1,January,1,2023
20230112,2023-01-12,12,Thursday,2,1,January,1,2023
20230113,2023-01-13,13,Friday,2,1,January,1,2023
20230114,2023-01-14,14,Saturday,2,1,January,1,2023
20230115,2023-01-15,15,Sunday,3,1,January,1,2023
20230117,2023-01-17,17,Tuesday,3,1,January,1,2023
20230119,2023-01-19,19,Thursday,3,1,January,1,2023
20230120,2023-01-20,20,Friday,3,1,January,1,2023
20230121,2023-01-21,21,Saturday,3,1,January,1,2023
20230122,2023-01-22,22,Sunday,4,1,January,1,2023
20230123,2023-01-23,23,Monday,4,1,January,1,2023
20230124,2023-01-24,24,Tuesday,4,1,January,1,2023
20230125,2023-01-25,25,Wednesday,4,1,January,1,2023
20230126,2023-01-26,26,Thursday,4,1,January,1,2023
20230127,2023-01-27,27,Friday,4,1,January,1,2023
20230128,2023-01-28,28,Saturday,4,1,January,1,2023
20230129,2023-01-29,29,Sunday,5,1,January,1,2023
20230130,2023-01-30,30,Monday,5,1,January,1,2023
20230131,2023-01-31,31,Tuesday,5,1,January,1,2023
20230201,2023-02-01,1,Wednesday,5,2,February,1,2023
20230202,2023-02-02,2,Thursday,5,2,February,1,2023
20230203,2023-02-03,3,Friday,5,2,February,1,2023
20230204,2023-02-04,4,Saturday,5,2,February,1,2023
20230205,2023-02-05,5,Sunday,6,2,February,1,2023
20230206,2023-02-06,6,Monday,6,2,February,1,2023
20230207,2023-02-07,7,Tuesday,6,2,February,1,2023
20230208,2023-02-08,8,Wednesday,6,2,February,1,2023
20230209,2023-02-09,9,Thursday,6,2,February,1,2023
20230210,2023-02-10,10,Friday,6,2,February,1,2023
20230211,2023-02-11,11,Saturday,6,2,February,1,2023
20230212,2023-02-12,12,Sunday,7,2,February,1,2023
20230213,2023-02-13,13,Monday,7,2,February,1,2023
20230214,2023-02-14,14,Tuesday,7,2,February,1,2023
20230215,2023-02-15,15,Wednesday,7,2,February,1,2023
20230216,2023-02-16,16,Thursday,7,2,February,1,2023
20230217,2023-02-17,17,Friday,7,2,February,1,2023
20230218,2023-02-18,18,Saturday,7,2,February,1,2023
20230219,2023-02-19,19,Sunday,8,2,February,1,2023
20230220,2023-02-20,20,Monday,8,2,February,1,2023
20230221,2023-02-21,21,Tuesday,8,2,February,1,2023
20230222,2023-02-22,22,Wednesday,8,2,February,1,2023
20230223,2023-02-23,23,Thursday,8,2,February,1,2023
20230224,2023-02-24,24,Friday,8,2,February,1,2023
20230225,2023-02-25,25,Saturday,8,2,February,1,2023
20230227,2023-02-27,27,Monday,9,2,February,1,2023
20230228,2023-02-28,28,Tuesday,9,2,February,1,2023
20230301,2023-03-01,1,Wednesday,9,3,March,1,2023
20230302,2023-03-02,2,Thursday,9,3,March,1,2023
20230303,2023-03-03,3,Friday,9,3,March,1,2023
20230304,2023-03-04,4,Saturday,9,3,March,1,2023
20230305,2023-03-05,5,Sunday,10,3,March,1,2023
20230306,2023-03-06,6,Monday,10,3,March,1,2023
20230307,2023-03-07,7,Tuesday,10,3,March,1,2023
20230309,2023-03-09,9,Thursday,10,3,March,1,2023
20230310,2023-03-10,10,Friday,10,3,March,1,2023
20230311,2023-03-11,11,Saturday,10,3,March,1,2023
20230312,2023-03-12,12,Sunday,11,3,March,1,2023
20230313,2023-03-13,13,Monday,11,3,March,1,2023
20230314,2023-03-14,14,Tuesday,11,3,March,1,2023
20230315,2023-03-15,15,Wednesday,11,3,March,1,2023
20230316,2023-03-16,16,Thursday,11,3,March,1,2023
20230320,2023-03-20,20,Monday,12,3,March,1,2023
20230321,2023-03-21,21,Tuesday,12,3,March,1,2023
20230322,2023-03-22,22,Wednesday,12,3,March,1,2023
20230323,2023-03-23,23,Thursday,12,3,March,1,2023
20230324,2023-03-24,24,Friday,12,3,March,1,2023
20230325,2023-03-25,25,Saturday,12,3,March,1,2023
20230326,2023-03-26,26,Sunday,13,3,March,1,2023
20230327,2023-03-27,27,Monday,13,3,March,1,2023
20230328,2023-03-28,28,Tuesday,13,3,March,1,2023
20230329,2023-03-29,29,Wednesday,13,3,March,1,2023
20230330,2023-03-30,30,Thursday,13,3,March,1,2023
20230331,2023-03-31,31,Friday,13,3,March,1,2023
20230401,2023-04-01,1,Saturday,13,4,April,2,2023
20230402,2023-04-02,2,Sunday,14,4,April,2,2023
20230403,2023-04-03,3,Monday,14,4,April,2,2023
20230404,2023-04-04,4,Tuesday,14,4,April,2,2023
20230405,2023-04-05,5,Wednesday,14,4,April,2,2023
20230406,2023-04-06,6,Thursday,14,4,April,2,2023
20230407,2023-04-07,7,Friday,14,4,April,2,2023
20230408,2023-04-08,8,Saturday,14,4,April,2,2023
20230409,2023-04-09,9,Sunday,15,4,April,2,2023
20230410,2023-04-10,10,Monday,15,4,April,2,2023
20230411,2023-04-11,11,Tuesday,15,4,April,2,2023
20230412,2023-04-12,12,Wednesday,15,4,April,2,2023
20230413,2023-04-13,13,Thursday,15,4,April,2,2023
20230414,2023-04-14,14,Friday,15,4,April,2,2023
20230415,2023-04-15,15,Saturday,15,4,April,2,2023
20230417,2023-04-17,17,Monday,16,4,April,2,2023
20230418,2023-04-18,18,Tuesday,16,4,April,2,2023
20230419,2023-04-19,19,Wednesday,16,4,April,2,2023
20230420,2023-04-20,20,Thursday,16,4,April,2,2023
20230421,2023-04-21,21,Friday,16,4,April,2,2023
20230422,2023-04-22,22,Saturday,16,4,April,2,2023
20230423,2023-04-23,23,Sunday,17,4,April,2,2023
20230424,2023-04-24,24,Monday,17,4,April,2,2023
20230425,2023-04-25,25,Tuesday,17,4,April,2,2023
20230426,2023-04-26,26,Wednesday,17,4,April,2,2023
20230427,2023-04-27,27,Thursday,17,4,April,2,2023
20230428,2023-04-28,28,Friday,17,4,April,2,2023
20230429,2023-04-29,29,Saturday,17,4,April,2,2023
20230430,2023-04-30,30,Sunday,18,4,April,2,2023
20230501,2023-05-01,1,Monday,18,5,May,2,2023
20230502,2023-05-02,2,Tuesday,18,5,May,2,2023
20230503,2023-05-03,3,Wednesday,18,5,May,2,2023
20230504,2023-05-04,4,Thursday,18,5,May,2,2023
20230505,2023-05-05,5,Friday,18,5,May,2,2023
20230506,2023-05-06,6,Saturday,18,5,May,2,2023
20230507,2023-05-07,7,Sunday,19,5,May,2,2023
20230508,2023-05-08,8,Monday,19,5,May,2,2023
20230509,2023-05-09,9,Tuesday,19,5,May,2,2023
20230510,2023-05-10,10,Wednesday,19,5,May,2,2023
20230511,2023-05-11,11,Thursday,19,5,May,2,2023
20230512,2023-05-12,12,Friday,19,5,May,2,2023
20230513,2023-05-13,13,Saturday,19,5,May,2,2023
20230514,2023-05-14,14,Sunday,20,5,May,2,2023
20230515,2023-05-15,15,Monday,20,5,May,2,2023
20230516,2023-05-16,16,Tuesday,20,5,May,2,2023
20230517,2023-05-17,17,Wednesday,20,5,May,2,2023
20230518,2023-05-18,18,Thursday,20,5,May,2,2023
20230519,2023-05-19,19,Friday,20,5,May,2,2023
20230520,2023-05-20,20,Saturday,20,5,May,2,2023
20230521,2023-05-21,21,Sunday,21,5,May,2,2023
20230522,2023-05-22,22,Monday,21,5,May,2,2023
20230523,2023-05-23,23,Tuesday,21,5,May,2,2023
20230524,2023-05-24,24,Wednesday,21,5,May,2,2023
20230525,2023-05-25,25,Thursday,21,5,May,2,2023
20230526,2023-05-26,26,Friday,21,5,May,2,2023
20230527,2023-05-27,27,Saturday,21,5,May,2,2023
20230528,2023-05-28,28,Sunday,22,5,May,2,2023
20230529,2023-05-29,29,Monday,22,5,May,2,2023
20230530,2023-05-30,30,Tuesday,22,5,May,2,2023
20230531,2023-05-31,31,Wednesday,22,5,May,2,2023
20230601,2023-06-01,1,Thursday,22,6,June,2,2023
20230602,2023-06-02,2,Friday,22,6,June,2,2023
20230603,2023-06-03,3,Saturday,22,6,June,2,2023
20230604,2023-06-04,4,Sunday,23,6,June,2,2023
20230605,2023-06-05,5,Monday,23,6,June,2,2023
20230607,2023-06-07,7,Wednesday,23,6,June,2,2023
20230608,2023-06-08,8,Thursday,23,6,June,2,2023
20230609,2023-06-09,9,Friday,23,6,June,2,2023
20230610,2023-06-10,10,Saturday,23,6,June,2,2023
20230611,2023-06-11,11,Sunday,24,6,June,2,2023
20230612,2023-06-12,12,Monday,24,6,June,2,2023
20230613,2023-06-13,13,Tuesday,24,6,June,2,2023
20230614,2023-06-14,14,Wednesday,24,6,June,2,2023
20230615,2023-06-15,15,Thursday,24,6,June,2,2023
20230616,2023-06-16,16,Friday,24,6,June,2,2023
20230617,2023-06-17,17,Saturday,24,6,June,2,2023
20230618,2023-06-18,18,Sunday,25,6,June,2,2023
20230619,2023-06-19,19,Monday,25,6,June,2,2023
20230620,2023-06-20,20,Tuesday,25,6,June,2,2023
20230621,2023-06-21,21,Wednesday,25,6,June,2,2023
20230622,2023-06-22,22,Thursday,25,6,June,2,2023
20230623,2023-06-23,23,Friday,25,6,June,2,2023
20230624,2023-06-24,24,Saturday,25,6,June,2,2023
20230625,2023-06-25,25,Sunday,26,6,June,2,2023
20230627,2023-06-27,27,Tuesday,26,6,June,2,2023
20230629,2023-06-29,29,Thursday,26,6,June,2,2023
20230630,2023-06-30,30,Friday,26,6,June,2,2023
20230701,2023-07-01,1,Saturday,26,7,July,3,2023
20230702,2023-07-02,2,Sunday,27,7,July,3,2023
20230703,2023-07-03,3,Monday,27,7,July,3,2023
20230704,2023-07-04,4,Tuesday,27,7,July,3,2023
20230705,2023-07-05,5,Wednesday,27,7,July,3,2023
20230706,2023-07-06,6,Thursday,27,7,July,3,2023
20230707,2023-07-07,7,Friday,27,7,July,3,2023
20230708,2023-07-08,8,Saturday,27,7,July,3,2023
20230709,2023-07-09,9,Sunday,28,7,July,3,2023
20230710,2023-07-10,10,Monday,28,7,July,3,2023
20230711,2023-07-11,11,Tuesday,28,7,July,3,2023
20230712,2023-07-12,12,Wednesday,28,7,July,3,2023
20230713,2023-07-13,13,Thursday,28,7,July,3,2023
20230714,2023-07-14,14,Friday,28,7,July,3,2023
20230715,2023-07-15,15,Saturday,28,7,July,3,2023
20230716,2023-07-16,16,Sunday,29,7,July,3,2023
20230717,2023-07-17,17,Monday,29,7,July,3,2023
20230718,2023-07-18,18,Tuesday,29,7,July,3,2023
20230719,2023-07-19,19,Wednesday,29,7,July,3,2023
20230720,2023-07-20,20,Thursday,29,7,July,3,2023
20230722,2023-07-22,22,Saturday,29,7,July,3,2023
20230723,2023-07-23,23,Sunday,30,7,July,3,2023
20230724,2023-07-24,24,Monday,30,7,July,3,2023
20230725,2023-07-25,25,Tuesday,30,7,July,3,2023
20230726,2023-07-26,26,Wednesday,30,7,July,3,2023
20230727,2023-07-27,27,Thursday,30,7,July,3,2023
20230729,2023-07-29,29,Saturday,30,7,July,3,2023
20230730,2023-07-30,30,Sunday,31,7,July,3,2023
20230731,2023-07-31,31,Monday,31,7,July,3,2023
20230801,2023-08-01,1,Tuesday,31,8,August,3,2023
20230802,2023-08-02,2,Wednesday,31,8,August,3,2023
20230803,2023-08-03,3,Thursday,31,8,August,3,2023
20230804,2023-08-04,4,Friday,31,8,August,3,2023
20230805,2023-08-05,5,Saturday,31,8,August,3,2023
20230806,2023-08-06,6,Sunday,32,8,August,3,2023
20230807,2023-08-07,7,Monday,32,8,August,3,2023
20230808,2023-08-08,8,Tuesday,32,8,August,3,2023
20230809,2023-08-09,9,Wednesday,32,8,August,3,2023
20230810,2023-08-10,10,Thursday,32,8,August,3,2023
20230811,2023-08-11,11,Friday,32,8,August,3,2023
20230813,2023-08-13,13,Sunday,33,8,August,3,2023
20230814,2023-08-14,14,Monday,33,8,August,3,2023
20230815,2023-08-15,15,Tuesday,33,8,August,3,2023
20230816,2023-08-16,16,Wednesday,33,8,August,3,2023
20230818,2023-08-18,18,Friday,33,8,August,3,2023
20230819,2023-08-19,19,Saturday,33,8,August,3,2023
20230820,2023-08-20,20,Sunday,34,8,August,3,2023
20230821,2023-08-21,21,Monday,34,8,August,3,2023
20230822,2023-08-22,22,Tuesday,34,8,August,3,2023
20230823,2023-08-23,23,Wednesday,34,8,August,3,2023
20230825,2023-08-25,25,Friday,34,8,August,3,2023
20230826,2023-08-26,26,Saturday,34,8,August,3,2023
20230827,2023-08-27,27,Sunday,35,8,August,3,2023
20230828,2023-08-28,28,Monday,35,8,August,3,2023
20230829,2023-08-29,29,Tuesday,35,8,August,3,2023
20230830,2023-08-30,30,Wednesday,35,8,August,3,2023
20230831,2023-08-31,31,Thursday,35,8,August,3,2023
20230901,2023-09-01,1,Friday,35,9,September,3,2023
20230902,2023-09-02,2,Saturday,35,9,September,3,2023
20230903,2023-09-03,3,Sunday,36,9,September,3,2023
20230904,2023-09-04,4,Monday,36,9,September,3,2023
20230905,2023-09-05,5,Tuesday,36,9,September,3,2023
20230906,2023-09-06,6,Wednesday,36,9,September,3,2023
20230908,2023-09-08,8,Friday,36,9,September,3,2023
20230909,2023-09-09,9,Saturday,36,9,September,3,2023
20230910,2023-09-10,10,Sunday,37,9,September,3,2023
20230911,2023-09-11,11,Monday,37,9,September,3,2023
20230912,2023-09-12,12,Tuesday,37,9,September,3,2023
20230913,2023-09-13,13,Wednesday,37,9,September,3,2023
20230914,2023-09-14,14,Thursday,37,9,September,3,2023
20230916,2023-09-16,16,Saturday,37,9,September,3,2023
20230917,2023-09-17,17,Sunday,38,9,September,3,2023
20230918,2023-09-18,18,Monday,38,9,September,3,2023
20230919,2023-09-19,19,Tuesday,38,9,September,3,2023
20230920,2023-09-20,20,Wednesday,38,9,September,3,2023
20230921,2023-09-21,21,Thursday,38,9,September,3,2023
20230922,2023-09-22,22,Friday,38,9,September,3,2023
20230923,2023-09-23,23,Saturday,38,9,September,3,2023
20230924,2023-09-24,24,Sunday,39,9,September,3,2023
20230925,2023-09-25,25,Monday,39,9,September,3,2023
20230926,2023-09-26,26,Tuesday,39,9,September,3,2023
20230927,2023-09-27,27,Wednesday,39,9,September,3,2023
20230928,2023-09-28,28,Thursday,39,9,September,3,2023
20230929,2023-09-29,29,Friday,39,9,September,3,2023
20230930,2023-09-30,30,Saturday,39,9,September,3,2023
20231001,2023-10-01,1,Sunday,40,10,October,4,2023
20231002,2023-10-02,2,Monday,40,10,October,4,2023
20231003,2023-10-03,3,Tuesday,40,10,October,4,2023
20231004,2023-10-04,4,Wednesday,40,10,October,4,2023
20231005,2023-10-05,5,Thursday,40,10,October,4,2023
20231006,2023-10-06,6,Friday,40,10,October,4,2023
20231007,2023-10-07,7,Saturday,40,10,October,4,2023
20231008,2023-10-08,8,Sunday,41,10,October,4,2023
20231010,2023-10-10,10,Tuesday,41,10,October,4,2023
20231011,2023-10-11,11,Wednesday,41,10,October,4,2023
20231012,2023-10-12,12,Thursday,41,10,October,4,2023
20231013,2023-10-13,13,Friday,41,10,October,4,2023
20231014,2023-10-14,14,Saturday,41,10,October,4,2023
20231015,2023-10-15,15,Sunday,42,10,October,4,2023
20231016,2023-10-16,16,Monday,42,10,October,4,2023
20231017,2023-10-17,17,Tuesday,42,10,October,4,2023
20231018,2023-10-18,18,Wednesday,42,10,October,4,2023
20231019,2023-10-19,19,Thursday,42,10,October,4,2023
20231020,2023-10-20,20,Friday,42,10,October,4,2023
20231021,2023-10-21,21,Saturday,42,10,October,4,2023
20231022,2023-10-22,22,Sunday,43,10,October,4,2023
20231023,2023-10-23,23,Monday,43,10,October,4,2023
20231024,2023-10-24,24,Tuesday,43,10,October,4,2023
20231025,2023-10-25,25,Wednesday,43,10,October,4,2023
20231026,2023-10-26,26,Thursday,43,10,October,4,2023
20231027,2023-10-27,27,Friday,43,10,October,4,2023
20231028,2023-10-28,28,Saturday,43,10,October,4,2023
20231029,2023-10-29,29,Sunday,44,10,October,4,2023
20231030,2023-10-30,30,Monday,44,10,October,4,2023
20231102,2023-11-02,2,Thursday,44,11,November,4,2023
20231103,2023-11-03,3,Friday,44,11,November,4,2023
20231104,2023-11-04,4,Saturday,44,11,November,4,2023
20231105,2023-11-05,5,Sunday,45,11,November,4,2023
20231106,2023-11-06,6,Monday,45,11,November,4,2023
20231107,2023-11-07,7,Tuesday,45,11,November,4,2023
20231108,2023-11-08,8,Wednesday,45,11,November,4,2023
20231109,2023-11-09,9,Thursday,45,11,November,4,2023
20231110,2023-11-10,10,Friday,45,11,November,4,2023
20231111,2023-11-11,11,Saturday,45,11,November,4,2023
20231112,2023-11-12,12,Sunday,46,11,November,4,2023
20231114,2023-11-14,14,Tuesday,46,11,November,4,2023
20231115,2023-11-15,15,Wednesday,46,11,November,4,2023
20231116,2023-11-16,16,Thursday,46,11,November,4,2023
20231117,2023-11-17,17,Friday,46,11,November,4,2023
20231118,2023-11-18,18,Saturday,46,11,November,4,2023
20231119,2023-11-19,19,Sunday,47,11,November,4,2023
20231120,2023-11-20,20,Monday,47,11,November,4,2023
20231121,2023-11-21,21,Tuesday,47,11,November,4,2023
20231122,2023-11-22,22,Wednesday,47,11,November,4,2023
20231123,2023-11-23,23,Thursday,47,11,November,4,2023
20231125,2023-11-25,25,Saturday,47,11,November,4,2023
20231127,2023-11-27,27,Monday,48,11,November,4,2023
20231128,2023-11-28,28,Tuesday,48,11,November,4,2023
20231129,2023-11-29,29,Wednesday,48,11,November,4,2023
20231130,2023-11-30,30,Thursday,48,11,November,4,2023
20231201,2023-12-01,1,Friday,48,12,December,4,2023
20231202,2023-12-02,2,Saturday,48,12,December,4,2023
20231203,2023-12-03,3,Sunday,49,12,December,4,2023
20231204,2023-12-04,4,Monday,49,12,December,4,2023
20231205,2023-12-05,5,Tuesday,49,12,December,4,2023
20231206,2023-12-06,6,Wednesday,49,12,December,4,2023
20231207,2023-12-07,7,Thursday,49,12,December,4,2023
20231208,2023-12-08,8,Friday,49,12,December,4,2023
20231209,2023-12-09,9,Saturday,49,12,December,4,2023
20231210,2023-12-10,10,Sunday,50,12,December,4,2023
20231211,2023-12-11,11,Monday,50,12,December,4,2023
20231212,2023-12-12,12,Tuesday,50,12,December,4,2023
20231213,2023-12-13,13,Wednesday,50,12,December,4,2023
20231214,2023-12-14,14,Thursday,50,12,December,4,2023
20231215,2023-12-15,15,Friday,50,12,December,4,2023
20231216,2023-12-16,16,Saturday,50,12,December,4,2023
20231217,2023-12-17,17,Sunday,51,12,December,4,2023
20231218,2023-12-18,18,Monday,51,12,December,4,2023
20231219,2023-12-19,19,Tuesday,51,12,December,4,2023
20231221,2023-12-21,21,Thursday,51,12,December,4,2023
20231222,2023-12-22,22,Friday,51,12,December,4,2023
20231223,2023-12-23,23,Saturday,51,12,December,4,2023
20231224,2023-12-24,24,Sunday,52,12,December,4,2023
20231225,2023-12-25,25,Monday,52,12,December,4,2023
20231226,2023-12-26,26,Tuesday,52,12,December,4,2023
20231229,2023-12-29,29,Friday,52,12,December,4,2023
20231230,2023-12-30,30,Saturday,52,12,December,4,2023
20231231,2023-12-31,31,Sunday,53,12,December,4,2023
20240101,2024-01-01,1,Monday,1,1,January,1,2024
20240102,2024-01-02,2,Tuesday,1,1,January,1,2024
20240103,2024-01-03,3,Wednesday,1,1,January,1,2024
20240104,2024-01-04,4,Thursday,1,1,January,1,2024
20240105,2024-01-05,5,Friday,1,1,January,1,2024
20240106,2024-01-06,6,Saturday,1,1,January,1,2024
20240107,2024-01-07,7,Sunday,2,1,January,1,2024
20240108,2024-01-08,8,Monday,2,1,January,1,2024
20240110,2024-01-10,10,Wednesday,2,1,January,1,2024
20240111,2024-01-11,11,Thursday,2,1,January,1,2024
20240112,2024-01-12,12,Friday,2,1,January,1,2024
20240113,2024-01-13,13,Saturday,2,1,January,1,2024
20240114,2024-01-14,14,Sunday,3,1,January,1,2024
20240115,2024-01-15,15,Monday,3,1,January,1,2024
20240116,2024-01-16,16,Tuesday,3,1,January,1,2024
20240117,2024-01-17,17,Wednesday,3,1,January,1,2024
20240118,2024-01-18,18,Thursday,3,1,January,1,2024
20240119,2024-01-19,19,Friday,3,1,January,1,2024
20240120,2024-01-20,20,Saturday,3,1,January,1,2024
20240121,2024-01-21,21,Sunday,4,1,January,1,2024
20240122,2024-01-22,22,Monday,4,1,January,1,2024
20240123,2024-01-23,23,Tuesday,4,1,January,1,2024
20240124,2024-01-24,24,Wednesday,4,1,January,1,2024
20240125,2024-01-25,25,Thursday,4,1,January,1,2024
20240126,2024-01-26,26,Friday,4,1,January,1,2024
20240127,2024-01-27,27,Saturday,4,1,January,1,2024
20240128,2024-01-28,28,Sunday,5,1,January,1,2024
20240129,2024-01-29,29,Monday,5,1,January,1,2024
20240130,2024-01-30,30,Tuesday,5,1,January,1,2024
20240131,2024-01-31,31,Wednesday,5,1,January,1,2024
20240201,2024-02-01,1,Thursday,5,2,February,1,2024
20240202,2024-02-02,2,Friday,5,2,February,1,2024
20240203,2024-02-03,3,Saturday,5,2,February,1,2024
20240204,2024-02-04,4,Sunday,6,2,February,1,2024
20240205,2024-02-05,5,Monday,6,2,February,1,2024
20240206,2024-02-06,6,Tuesday,6,2,February,1,2024
20240207,2024-02-07,7,Wednesday,6,2,February,1,2024
20240208,2024-02-08,8,Thursday,6,2,February,1,2024
20240209,2024-02-09,9,Friday,6,2,February,1,2024
20240211,2024-02-11,11,Sunday,7,2,February,1,2024
20240212,2024-02-12,12,Monday,7,2,February,1,2024
20240213,2024-02-13,13,Tuesday,7,2,February,1,2024
20240214,2024-02-14,14,Wednesday,7,2,February,1,2024
20240215,2024-02-15,15,Thursday,7,2,February,1,2024
20240216,2024-02-16,16,Friday,7,2,February,1,2024
20240219,2024-02-19,19,Monday,8,2,February,1,2024
20240220,2024-02-20,20,Tuesday,8,2,February,1,2024
20240221,2024-02-21,21,Wednesday,8,2,February,1,2024
20240222,2024-02-22,22,Thursday,8,2,February,1,2024
20240223,2024-02-23,23,Friday,8,2,February,1,2024
20240224,2024-02-24,24,Saturday,8,2,February,1,2024
20240225,2024-02-25,25,Sunday,9,2,February,1,2024
20240226,2024-02-26,26,Monday,9,2,February,1,2024
20240227,2024-02-27,27,Tuesday,9,2,February,1,2024
20240228,2024-02-28,28,Wednesday,9,2,February,1,2024
20240229,2024-02-29,29,Thursday,9,2,February,1,2024
20240301,2024-03-01,1,Friday,9,3,March,1,2024
20240302,2024-03-02,2,Saturday,9,3,March,1,2024
20240303,2024-03-03,3,Sunday,10,3,March,1,2024
20240304,2024-03-04,4,Monday,10,3,March,1,2024
20240306,2024-03-06,6,Wednesday,10,3,March,1,2024
20240308,2024-03-08,8,Friday,10,3,March,1,2024
20240309,2024-03-09,9,Saturday,10,3,March,1,2024
20240310,2024-03-10,10,Sunday,11,3,March,1,2024
20240311,2024-03-11,11,Monday,11,3,March,1,2024
20240312,2024-03-12,12,Tuesday,11,3,March,1,2024
20240313,2024-03-13,13,Wednesday,11,3,March,1,2024
20240314,2024-03-14,14,Thursday,11,3,March,1,2024
20240315,2024-03-15,15,Friday,11,3,March,1,2024
20240316,2024-03-16,16,Saturday,11,3,March,1,2024
20240317,2024-03-17,17,Sunday,12,3,March,1,2024
20240318,2024-03-18,18,Monday,12,3,March,1,2024
20240319,2024-03-19,19,Tuesday,12,3,March,1,2024
20240320,2024-03-20,20,Wednesday,12,3,March,1,2024
20240321,2024-03-21,21,Thursday,12,3,March,1,2024
20240322,2024-03-22,22,Friday,12,3,March,1,2024
20240324,2024-03-24,24,Sunday,13,3,March,1,2024
20240325,2024-03-25,25,Monday,13,3,March,1,2024
20240326,2024-03-26,26,Tuesday,13,3,March,1,2024
20240327,2024-03-27,27,Wednesday,13,3,March,1,2024
20240328,2024-03-28,28,Thursday,13,3,March,1,2024
20240329,2024-03-29,29,Friday,13,3,March,1,2024
20240330,2024-03-30,30,Saturday,13,3,March,1,2024
20240331,2024-03-31,31,Sunday,14,3,March,1,2024
20240401,2024-04-01,1,Monday,14,4,April,2,2024
20240402,2024-04-02,2,Tuesday,14,4,April,2,2024
20240404,2024-04-04,4,Thursday,14,4,April,2,2024
20240405,2024-04-05,5,Friday,14,4,April,2,2024
20240406,2024-04-06,6,Saturday,14,4,April,2,2024
20240407,2024-04-07,7,Sunday,15,4,April,2,2024
20240408,2024-04-08,8,Monday,15,4,April,2,2024
20240409,2024-04-09,9,Tuesday,15,4,April,2,2024
20240410,2024-04-10,10,Wednesday,15,4,April,2,2024
20240411,2024-04-11,11,Thursday,15,4,April,2,2024
20240412,2024-04-12,12,Friday,15,4,April,2,2024
20240413,2024-04-13,13,Saturday,15,4,April,2,2024
20240414,2024-04-14,14,Sunday,16,4,April,2,2024
20240415,2024-04-15,15,Monday,16,4,April,2,2024
20240416,2024-04-16,16,Tuesday,16,4,April,2,2024
20240417,2024-04-17,17,Wednesday,16,4,April,2,2024
20240418,2024-04-18,18,Thursday,16,4,April,2,2024
20240419,2024-04-19,19,Friday,16,4,April,2,2024
20240420,2024-04-20,20,Saturday,16,4,April,2,2024
20240421,2024-04-21,21,Sunday,17,4,April,2,2024
20240422,2024-04-22,22,Monday,17,4,April,2,2024
20240423,2024-04-23,23,Tuesday,17,4,April,2,2024
20240424,2024-04-24,24,Wednesday,17,4,April,2,2024
20240425,2024-04-25,25,Thursday,17,4,April,2,2024
20240427,2024-04-27,27,Saturday,17,4,April,2,2024
20240428,2024-04-28,28,Sunday,18,4,April,2,2024
20240429,2024-04-29,29,Monday,18,4,April,2,2024
20240430,2024-04-30,30,Tuesday,18,4,April,2,2024
20240501,2024-05-01,1,Wednesday,18,5,May,2,2024
20240502,2024-05-02,2,Thursday,18,5,May,2,2024
20240503,2024-05-03,3,Friday,18,5,May,2,2024
20240504,2024-05-04,4,Saturday,18,5,May,2,2024
20240506,2024-05-06,6,Monday,19,5,May,2,2024
20240507,2024-05-07,7,Tuesday,19,5,May,2,2024
20240508,2024-05-08,8,Wednesday,19,5,May,2,2024
20240509,2024-05-09,9,Thursday,19,5,May,2,2024
20240510,2024-05-10,10,Friday,19,5,May,2,2024
20240511,2024-05-11,11,Saturday,19,5,May,2,2024
20240512,2024-05-12,12,Sunday,20,5,May,2,2024
20240513,2024-05-13,13,Monday,20,5,May,2,2024
20240514,2024-05-14,14,Tuesday,20,5,May,2,2024
20240515,2024-05-15,15,Wednesday,20,5,May,2,2024
20240516,2024-05-16,16,Thursday,20,5,May,2,2024
20240517,2024-05-17,17,Friday,20,5,May,2,2024
20240518,2024-05-18,18,Saturday,20,5,May,2,2024
20240520,2024-05-20,20,Monday,21,5,May,2,2024
20240521,2024-05-21,21,Tuesday,21,5,May,2,2024
20240522,2024-05-22,22,Wednesday,21,5,May,2,2024
20240523,2024-05-23,23,Thursday,21,5,May,2,2024
20240524,2024-05-24,24,Friday,21,5,May,2,2024
20240525,2024-05-25,25,Saturday,21,5,May,2,2024
20240526,2024-05-26,26,Sunday,22,5,May,2,2024
20240527,2024-05-27,27,Monday,22,5,May,2,2024
20240528,2024-05-28,28,Tuesday,22,5,May,2,2024
20240529,2024-05-29,29,Wednesday,22,5,May,2,2024
20240530,2024-05-30,30,Thursday,22,5,May,2,2024
20240531,2024-05-31,31,Friday,22,5,May,2,2024
20240601,2024-06-01,1,Saturday,22,6,June,2,2024
20240602,2024-06-02,2,Sunday,23,6,June,2,2024
20240603,2024-06-03,3,Monday,23,6,June,2,2024
20240604,2024-06-04,4,Tuesday,23,6,June,2,2024
20240606,2024-06-06,6,Thursday,23,6,June,2,2024
20240607,2024-06-07,7,Friday,23,6,June,2,2024
20240608,2024-06-08,8,Saturday,23,6,June,2,2024
20240609,2024-06-09,9,Sunday,24,6,June,2,2024
20240611,2024-06-11,11,Tuesday,24,6,June,2,2024
20240612,2024-06-12,12,Wednesday,24,6,June,2,2024
20240613,2024-06-13,13,Thursday,24,6,June,2,2024
20240614,2024-06-14,14,Friday,24,6,June,2,2024
20240615,2024-06-15,15,Saturday,24,6,June,2,2024
20240616,2024-06-16,16,Sunday,25,6,June,2,2024
20240617,2024-06-17,17,Monday,25,6,June,2,2024
20240618,2024-06-18,18,Tuesday,25,6,June,2,2024
20240619,2024-06-19,19,Wednesday,25,6,June,2,2024
20240620,2024-06-20,20,Thursday,25,6,June,2,2024
20240622,2024-06-22,22,Saturday,25,6,June,2,2024
20240623,2024-06-23,23,Sunday,26,6,June,2,2024
20240624,2024-06-24,24,Monday,26,6,June,2,2024
20240625,2024-06-25,25,Tuesday,26,6,June,2,2024
20240626,2024-06-26,26,Wednesday,26,6,June,2,2024
20240627,2024-06-27,27,Thursday,26,6,June,2,2024
20240628,2024-06-28,28,Friday,26,6,June,2,2024
20240629,2024-06-29,29,Saturday,26,6,June,2,2024
20240630,2024-06-30,30,Sunday,27,6,June,2,2024
20240701,2024-07-01,1,Monday,27,7,July,3,2024
20240702,2024-07-02,2,Tuesday,27,7,July,3,2024
20240703,2024-07-03,3,Wednesday,27,7,July,3,2024
20240704,2024-07-04,4,Thursday,27,7,July,3,2024
20240705,2024-07-05,5,Friday,27,7,July,3,2024
20240706,2024-07-06,6,Saturday,27,7,July,3,2024
20240707,2024-07-07,7,Sunday,28,7,July,3,2024
20240708,2024-07-08,8,Monday,28,7,July,3,2024
20240709,2024-07-09,9,Tuesday,28,7,July,3,2024
20240710,2024-07-10,10,Wednesday,28,7,July,3,2024
20240711,2024-07-11,11,Thursday,28,7,July,3,2024
20240713,2024-07-13,13,Saturday,28,7,July,3,2024
20240714,2024-07-14,14,Sunday,29,7,July,3,2024
20240715,2024-07-15,15,Monday,29,7,July,3,2024
20240716,2024-07-16,16,Tuesday,29,7,July,3,2024
20240717,2024-07-17,17,Wednesday,29,7,July,3,2024
20240718,2024-07-18,18,Thursday,29,7,July,3,2024
20240719,2024-07-19,19,Friday,29,7,July,3,2024
20240720,2024-07-20,20,Saturday,29,7,July,3,2024
20240721,2024-07-21,21,Sunday,30,7,July,3,2024
20240722,2024-07-22,22,Monday,30,7,July,3,2024
20240723,2024-07-23,23,Tuesday,30,7,July,3,2024
20240724,2024-07-24,24,Wednesday,30,7,July,3,2024
20240725,2024-07-25,25,Thursday,30,7,July,3,2024
20240726,2024-07-26,26,Friday,30,7,July,3,2024
20240727,2024-07-27,27,Saturday,30,7,July,3,2024
20240728,2024-07-28,28,Sunday,31,7,July,3,2024
20240729,2024-07-29,29,Monday,31,7,July,3,2024
20240730,2024-07-30,30,Tuesday,31,7,July,3,2024
20240731,2024-07-31,31,Wednesday,31,7,July,3,2024
20240801,2024-08-01,1,Thursday,31,8,August,3,2024
20240802,2024-08-02,2,Friday,31,8,August,3,2024
20240803,2024-08-03,3,Saturday,31,8,August,3,2024
20240804,2024-08-04,4,Sunday,32,8,August,3,2024
20240805,2024-08-05,5,Monday,32,8,August,3,2024
20240806,2024-08-06,6,Tuesday,32,8,August,3,2024
20240807,2024-08-07,7,Wednesday,32,8,August,3,2024
20240808,2024-08-08,8,Thursday,32,8,August,3,2024
20240809,2024-08-09,9,Friday,32,8,August,3,2024
20240810,2024-08-10,10,Saturday,32,8,August,3,2024
20240811,2024-08-11,11,Sunday,33,8,August,3,2024
20240812,2024-08-12,12,Monday,33,8,August,3,2024
20240813,2024-08-13,13,Tuesday,33,8,August,3,2024
20240814,2024-08-14,14,Wednesday,33,8,August,3,2024
20240815,2024-08-15,15,Thursday,33,8,August,3,2024
20240816,2024-08-16,16,Friday,33,8,August,3,2024
20240817,2024-08-17,17,Saturday,33,8,August,3,2024
20240818,2024-08-18,18,Sunday,34,8,August,3,2024
20240819,2024-08-19,19,Monday,34,8,August,3,2024
20240820,2024-08-20,20,Tuesday,34,8,August,3,2024
20240821,2024-08-21,21,Wednesday,34,8,August,3,2024
20240822,2024-08-22,22,Thursday,34,8,August,3,2024
20240824,2024-08-24,24,Saturday,34,8,August,3,2024
20240825,2024-08-25,25,Sunday,35,8,August,3,2024
20240826,2024-08-26,26,Monday,35,8,August,3,2024
20240827,2024-08-27,27,Tuesday,35,8,August,3,2024
20240828,2024-08-28,28,Wednesday,35,8,August,3,2024
20240829,2024-08-29,29,Thursday,35,8,August,3,2024
20240830,2024-08-30,30,Friday,35,8,August,3,2024
20240831,2024-08-31,31,Saturday,35,8,August,3,2024
20240901,2024-09-01,1,Sunday,36,9,September,3,2024
20240902,2024-09-02,2,Monday,36,9,September,3,2024
20240903,2024-09-03,3,Tuesday,36,9,September,3,2024
20240904,2024-09-04,4,Wednesday,36,9,September,3,2024
20240905,2024-09-05,5,Thursday,36,9,September,3,2024
20240906,2024-09-06,6,Friday,36,9,September,3,2024
20240907,2024-09-07,7,Saturday,36,9,September,3,2024
20240908,2024-09-08,8,Sunday,37,9,September,3,2024
20240909,2024-09-09,9,Monday,37,9,September,3,2024
20240910,2024-09-10,10,Tuesday,37,9,September,3,2024
20240911,2024-09-11,11,Wednesday,37,9,September,3,2024
20240912,2024-09-12,12,Thursday,37,9,September,3,2024
20240914,2024-09-14,14,Saturday,37,9,September,3,2024
20240915,2024-09-15,15,Sunday,38,9,September,3,2024
20240916,2024-09-16,16,Monday,38,9,September,3,2024
20240917,2024-09-17,17,Tuesday,38,9,September,3,2024
20240918,2024-09-18,18,Wednesday,38,9,September,3,2024
20240919,2024-09-19,19,Thursday,38,9,September,3,2024
20240920,2024-09-20,20,Friday,38,9,September,3,2024
20240921,2024-09-21,21,Saturday,38,9,September,3,2024
20240922,2024-09-22,22,Sunday,39,9,September,3,2024
20240923,2024-09-23,23,Monday,39,9,September,3,2024
20240924,2024-09-24,24,Tuesday,39,9,September,3,2024
20240925,2024-09-25,25,Wednesday,39,9,September,3,2024
20240926,2024-09-26,26,Thursday,39,9,September,3,2024
20240927,2024-09-27,27,Friday,39,9,September,3,2024
20240929,2024-09-29,29,Sunday,40,9,September,3,2024
20240930,2024-09-30,30,Monday,40,9,September,3,2024
20241001,2024-10-01,1,Tuesday,40,10,October,4,2024
20241002,2024-10-02,2,Wednesday,40,10,October,4,2024
20241003,2024-10-03,3,Thursday,40,10,October,4,2024
20241004,2024-10-04,4,Friday,40,10,October,4,2024
20241005,2024-10-05,5,Saturday,40,10,October,4,2024
20241006,2024-10-06,6,Sunday,41,10,October,4,2024
20241007,2024-10-07,7,Monday,41,10,October,4,2024
20241008,2024-10-08,8,Tuesday,41,10,October,4,2024
20241009,2024-10-09,9,Wednesday,41,10,October,4,2024
20241010,2024-10-10,10,Thursday,41,10,October,4,2024
20241012,2024-10-12,12,Saturday,41,10,October,4,2024
20241013,2024-10-13,13,Sunday,42,10,October,4,2024
20241014,2024-10-14,14,Monday,42,10,October,4,2024
20241015,2024-10-15,15,Tuesday,42,10,October,4,2024
20241016,2024-10-16,16,Wednesday,42,10,October,4,2024
20241017,2024-10-17,17,Thursday,42,10,October,4,2024
20241018,2024-10-18,18,Friday,42,10,October,4,2024
20241019,2024-10-19,19,Saturday,42,10,October,4,2024
20241020,2024-10-20,20,Sunday,43,10,October,4,2024
20241021,2024-10-21,21,Monday,43,10,October,4,2024
20241022,2024-10-22,22,Tuesday,43,10,October,4,2024
20241023,2024-10-23,23,Wednesday,43,10,October,4,2024
20241024,2024-10-24,24,Thursday,43,10,October,4,2024
20241025,2024-10-25,25,Friday,43,10,October,4,2024
20241026,2024-10-26,26,Saturday,43,10,October,4,2024
20241027,2024-10-27,27,Sunday,44,10,October,4,2024
20241029,2024-10-29,29,Tuesday,44,10,October,4,2024
20241030,2024-10-30,30,Wednesday,44,10,October,4,2024
20241031,2024-10-31,31,Thursday,44,10,October,4,2024
20241101,2024-11-01,1,Friday,44,11,November,4,2024
20241102,2024-11-02,2,Saturday,44,11,November,4,2024
20241103,2024-11-03,3,Sunday,45,11,November,4,2024
20241104,2024-11-04,4,Monday,45,11,November,4,2024
20241105,2024-11-05,5,Tuesday,45,11,November,4,2024
20241106,2024-11-06,6,Wednesday,45,11,November,4,2024
20241107,2024-11-07,7,Thursday,45,11,November,4,2024
20241108,2024-11-08,8,Friday,45,11,November,4,2024
20241109,2024-11-09,9,Saturday,45,11,November,4,2024
20241110,2024-11-10,10,Sunday,46,11,November,4,2024
20241111,2024-11-11,11,Monday,46,11,November,4,2024
20241112,2024-11-12,12,Tuesday,46,11,November,4,2024
20241113,2024-11-13,13,Wednesday,46,11,November,4,2024
20241114,2024-11-14,14,Thursday,46,11,November,4,2024
20241116,2024-11-16,16,Saturday,46,11,November,4,2024
20241117,2024-11-17,17,Sunday,47,11,November,4,2024
20241118,2024-11-18,18,Monday,47,11,November,4,2024
20241119,2024-11-19,19,Tuesday,47,11,November,4,2024
20241120,2024-11-20,20,Wednesday,47,11,November,4,2024
20241121,2024-11-21,21,Thursday,47,11,November,4,2024
20241122,2024-11-22,22,Friday,47,11,November,4,2024
20241123,2024-11-23,23,Saturday,47,11,November,4,2024
20241124,2024-11-24,24,Sunday,48,11,November,4,2024
20241125,2024-11-25,25,Monday,48,11,November,4,2024
20241126,2024-11-26,26,Tuesday,48,11,November,4,2024
20241127,2024-11-27,27,Wednesday,48,11,November,4,2024
20241128,2024-11-28,28,Thursday,48,11,November,4,2024
20241129,2024-11-29,29,Friday,48,11,November,4,2024
20241130,2024-11-30,30,Saturday,48,11,November,4,2024
20241201,2024-12-01,1,Sunday,49,12,December,4,2024
20241202,2024-12-02,2,Monday,49,12,December,4,2024
20241203,2024-12-03,3,Tuesday,49,12,December,4,2024
20241204,2024-12-04,4,Wednesday,49,12,December,4,2024
20241205,2024-12-05,5,Thursday,49,12,December,4,2024
20241206,2024-12-06,6,Friday,49,12,December,4,2024
20241207,2024-12-07,7,Saturday,49,12,December,4,2024
20241208,2024-12-08,8,Sunday,50,12,December,4,2024
20241209,2024-12-09,9,Monday,50,12,December,4,2024
20241210,2024-12-10,10,Tuesday,50,12,December,4,2024
20241211,2024-12-11,11,Wednesday,50,12,December,4,2024
20241212,2024-12-12,12,Thursday,50,12,December,4,2024
20241214,2024-12-14,14,Saturday,50,12,December,4,2024
20241215,2024-12-15,15,Sunday,51,12,December,4,2024
20241216,2024-12-16,16,Monday,51,12,December,4,2024
20241217,2024-12-17,17,Tuesday,51,12,December,4,2024
20241218,2024-12-18,18,Wednesday,51,12,December,4,2024
20241219,2024-12-19,19,Thursday,51,12,December,4,2024
20241220,2024-12-20,20,Friday,51,12,December,4,2024
20241221,2024-12-21,21,Saturday,51,12,December,4,2024
20241222,2024-12-22,22,Sunday,52,12,December,4,2024
20241223,2024-12-23,23,Monday,52,12,December,4,2024
20241224,2024-12-24,24,Tuesday,52,12,December,4,2024
20241225,2024-12-25,25,Wednesday,52,12,December,4,2024
20241226,2024-12-26,26,Thursday,52,12,December,4,2024
20241227,2024-12-27,27,Friday,52,12,December,4,2024
20241228,2024-12-28,28,Saturday,52,12,December,4,2024
20241229,2024-12-29,29,Sunday,53,12,December,4,2024
20241230,2024-12-30,30,Monday,53,12,December,4,2024
20241231,2024-12-31,31,Tuesday,53,12,December,4,2024
