campaign_key,campaign_id,campaign_name,start_date,end_date,channel
5001,1,Campaign 1,2023-01-01,2023-01-02,Facebook Ads
5002,2,Campaign 2,2023-01-03,2023-01-04,Facebook Ads
5003,3,Campaign 3,2023-01-05,2023-01-06,Google Ads
5004,4,Campaign 4,2023-01-07,2023-01-08,Email
5005,5,Campaign 5,2023-01-09,2023-01-10,Facebook Ads
5006,6,Campaign 6,2023-01-11,2023-01-12,SMS
5007,7,Campaign 7,2023-01-13,2023-01-14,SMS
5008,8,Campaign 8,2023-01-15,2023-01-16,Email
5009,9,Campaign 9,2023-01-17,2023-01-18,Email
5010,10,Campaign 10,2023-01-19,2023-01-20,Facebook Ads
5011,11,Campaign 11,2023-01-21,2023-01-22,Facebook Ads
5012,12,Campaign 12,2023-01-23,2023-01-24,Email
5013,13,Campaign 13,2023-01-25,2023-01-26,Instagram
5014,14,Campaign 14,2023-01-27,2023-01-28,Instagram
5015,15,Campaign 15,2023-01-29,2023-01-30,Email
5016,16,Campaign 16,2023-01-31,2023-02-01,Email
5017,17,Campaign 17,2023-02-02,2023-02-03,Instagram
5018,18,Campaign 18,2023-02-04,2023-02-05,Instagram
5019,19,Campaign 19,2023-02-06,2023-02-07,SMS
5020,20,Campaign 20,2023-02-08,2023-02-09,Google Ads
5021,21,Campaign 21,2023-02-10,2023-02-11,Instagram
5022,22,Campaign 22,2023-02-12,2023-02-13,Instagram
5023,23,Campaign 23,2023-02-14,2023-02-15,Social Media
5024,24,Campaign 24,2023-02-16,2023-02-17,SMS
5025,25,Campaign 25,2023-02-18,2023-02-19,SMS
5026,26,Campaign 26,2023-02-20,2023-02-21,Facebook Ads
5027,27,Campaign 27,2023-02-22,2023-02-23,Google Ads
5028,28,Campaign 28,2023-02-24,2023-02-25,Google Ads
5029,29,Campaign 29,2023-02-26,2023-02-27,Email
5030,30,Campaign 30,2023-02-28,2023-03-01,Social Media
5031,31,Campaign 31,2023-03-02,2023-03-03,Facebook Ads
5032,32,Campaign 32,2023-03-04,2023-03-05,Google Ads
5033,33,Campaign 33,2023-03-06,2023-03-07,Instagram
5034,34,Campaign 34,2023-03-08,2023-03-09,Instagram
5035,35,Campaign 35,2023-03-10,2023-03-11,Instagram
5036,36,Campaign 36,2023-03-12,2023-03-13,Facebook Ads
5037,37,Campaign 37,2023-03-14,2023-03-15,SMS
5038,38,Campaign 38,2023-03-16,2023-03-17,SMS
5039,39,Campaign 39,2023-03-18,2023-03-19,Google Ads
5040,40,Campaign 40,2023-03-20,2023-03-21,SMS
5041,41,Campaign 41,2023-03-22,2023-03-23,Facebook Ads
5042,42,Campaign 42,2023-03-24,2023-03-25,Email
5043,43,Campaign 43,2023-03-26,2023-03-27,Email
5044,44,Campaign 44,2023-03-28,2023-03-29,SMS
5045,45,Campaign 45,2023-03-30,2023-03-31,Social Media
5046,46,Campaign 46,2023-04-01,2023-04-02,Email
5047,47,Campaign 47,2023-04-03,2023-04-04,Google Ads
5048,48,Campaign 48,2023-04-05,2023-04-06,Google Ads
5049,49,Campaign 49,2023-04-07,2023-04-08,SMS
5050,50,Campaign 50,2023-04-09,2023-04-10,Google Ads
5051,51,Campaign 51,2023-04-11,2023-04-12,Instagram
5052,52,Campaign 52,2023-04-13,2023-04-14,Instagram
5053,53,Campaign 53,2023-04-15,2023-04-16,Google Ads
5054,54,Campaign 54,2023-04-17,2023-04-18,SMS
5055,55,Campaign 55,2023-04-19,2023-04-20,Email
5056,56,Campaign 56,2023-04-21,2023-04-22,Email
5057,57,Campaign 57,2023-04-23,2023-04-24,Social Media
5058,58,Campaign 58,2023-04-25,2023-04-26,Facebook Ads
5059,59,Campaign 59,2023-04-27,2023-04-28,Social Media
5060,60,Campaign 60,2023-04-29,2023-04-30,SMS
5061,61,Campaign 61,2023-05-01,2023-05-02,SMS
5062,62,Campaign 62,2023-05-03,2023-05-04,SMS
5063,63,Campaign 63,2023-05-05,2023-05-06,Facebook Ads
5064,64,Campaign 64,2023-05-07,2023-05-08,Email
5065,65,Campaign 65,2023-05-09,2023-05-10,Google Ads
5066,66,Campaign 66,2023-05-11,2023-05-12,Instagram
5067,67,Campaign 67,2023-05-13,2023-05-14,Social Media
5068,68,Campaign 68,2023-05-15,2023-05-16,Social Media
5069,69,Campaign 69,2023-05-17,2023-05-18,Email
5070,70,Campaign 70,2023-05-19,2023-05-20,Facebook Ads
5071,71,Campaign 71,2023-05-21,2023-05-22,Social Media
5072,72,Campaign 72,2023-05-23,2023-05-24,Facebook Ads
5073,73,Campaign 73,2023-05-25,2023-05-26,Social Media
5074,74,Campaign 74,2023-05-27,2023-05-28,SMS
5075,75,Campaign 75,2023-05-29,2023-05-30,Google Ads
5076,76,Campaign 76,2023-05-31,2023-06-01,Email
5077,77,Campaign 77,2023-06-02,2023-06-03,Facebook Ads
5078,78,Campaign 78,2023-06-04,2023-06-05,Email
5079,79,Campaign 79,2023-06-06,2023-06-07,SMS
5080,80,Campaign 80,2023-06-08,2023-06-09,SMS
5081,81,Campaign 81,2023-06-10,2023-06-11,Instagram
5082,82,Campaign 82,2023-06-12,2023-06-13,Email
5083,83,Campaign 83,2023-06-14,2023-06-15,Facebook Ads
5084,84,Campaign 84,2023-06-16,2023-06-17,Facebook Ads
5085,85,Campaign 85,2023-06-18,2023-06-19,SMS
5086,86,Campaign 86,2023-06-20,2023-06-21,Instagram
5087,87,Campaign 87,2023-06-22,2023-06-23,Instagram
5088,88,Campaign 88,2023-06-24,2023-06-25,Social Media
5089,89,Campaign 89,2023-06-26,2023-06-27,Facebook Ads
5090,90,Campaign 90,2023-06-28,2023-06-29,Email
5091,91,Campaign 91,2023-06-30,2023-07-01,Instagram
5092,92,Campaign 92,2023-07-02,2023-07-03,SMS
5093,93,Campaign 93,2023-07-04,2023-07-05,Email
5094,94,Campaign 94,2023-07-06,2023-07-07,Instagram
5095,95,Campaign 95,2023-07-08,2023-07-09,Facebook Ads
5096,96,Campaign 96,2023-07-10,2023-07-11,Instagram
5097,97,Campaign 97,2023-07-12,2023-07-13,Facebook Ads
5098,98,Campaign 98,2023-07-14,2023-07-15,Instagram
5099,99,Campaign 99,2023-07-16,2023-07-17,Social Media
5100,100,Campaign 100,2023-07-18,2023-07-19,SMS
5101,101,Campaign 101,2023-07-20,2023-07-21,Instagram
5102,102,Campaign 102,2023-07-22,2023-07-23,Social Media
5103,103,Campaign 103,2023-07-24,2023-07-25,SMS
5104,104,Campaign 104,2023-07-26,2023-07-27,Social Media
5105,105,Campaign 105,2023-07-28,2023-07-29,Email
5106,106,Campaign 106,2023-07-30,2023-07-31,Facebook Ads
5107,107,Campaign 107,2023-08-01,2023-08-02,SMS
5108,108,Campaign 108,2023-08-03,2023-08-04,Instagram
5109,109,Campaign 109,2023-08-05,2023-08-06,Instagram
5110,110,Campaign 110,2023-08-07,2023-08-08,Google Ads
5111,111,Campaign 111,2023-08-09,2023-08-10,Instagram
5112,112,Campaign 112,2023-08-11,2023-08-12,Facebook Ads
5113,113,Campaign 113,2023-08-13,2023-08-14,Facebook Ads
5114,114,Campaign 114,2023-08-15,2023-08-16,Instagram
5115,115,Campaign 115,2023-08-17,2023-08-18,SMS
5116,116,Campaign 116,2023-08-19,2023-08-20,Social Media
5117,117,Campaign 117,2023-08-21,2023-08-22,Google Ads
5118,118,Campaign 118,2023-08-23,2023-08-24,Facebook Ads
5119,119,Campaign 119,2023-08-25,2023-08-26,Google Ads
5120,120,Campaign 120,2023-08-27,2023-08-28,Google Ads
5121,121,Campaign 121,2023-08-29,2023-08-30,Facebook Ads
5122,122,Campaign 122,2023-08-31,2023-09-01,Social Media
5123,123,Campaign 123,2023-09-02,2023-09-03,Social Media
5124,124,Campaign 124,2023-09-04,2023-09-05,Facebook Ads
5125,125,Campaign 125,2023-09-06,2023-09-07,Instagram
5126,126,Campaign 126,2023-09-08,2023-09-09,SMS
5127,127,Campaign 127,2023-09-10,2023-09-11,SMS
5128,128,Campaign 128,2023-09-12,2023-09-13,Instagram
5129,129,Campaign 129,2023-09-14,2023-09-15,Google Ads
5130,130,Campaign 130,2023-09-16,2023-09-17,SMS
5131,131,Campaign 131,2023-09-18,2023-09-19,Instagram
5132,132,Campaign 132,2023-09-20,2023-09-21,Google Ads
5133,133,Campaign 133,2023-09-22,2023-09-23,SMS
5134,134,Campaign 134,2023-09-24,2023-09-25,SMS
5135,135,Campaign 135,2023-09-26,2023-09-27,Instagram
5136,136,Campaign 136,2023-09-28,2023-09-29,SMS
5137,137,Campaign 137,2023-09-30,2023-10-01,Social Media
5138,138,Campaign 138,2023-10-02,2023-10-03,Social Media
5139,139,Campaign 139,2023-10-04,2023-10-05,Social Media
5140,140,Campaign 140,2023-10-06,2023-10-07,Instagram
5141,141,Campaign 141,2023-10-08,2023-10-09,SMS
5142,142,Campaign 142,2023-10-10,2023-10-11,Google Ads
5143,143,Campaign 143,2023-10-12,2023-10-13,SMS
5144,144,Campaign 144,2023-10-14,2023-10-15,Google Ads
5145,145,Campaign 145,2023-10-16,2023-10-17,SMS
5146,146,Campaign 146,2023-10-18,2023-10-19,Social Media
5147,147,Campaign 147,2023-10-20,2023-10-21,SMS
5148,148,Campaign 148,2023-10-22,2023-10-23,SMS
5149,149,Campaign 149,2023-10-24,2023-10-25,Social Media
5150,150,Campaign 150,2023-10-26,2023-10-27,Instagram
5151,151,Campaign 151,2023-10-28,2023-10-29,Instagram
5152,152,Campaign 152,2023-10-30,2023-10-31,SMS
5153,153,Campaign 153,2023-11-01,2023-11-02,SMS
5154,154,Campaign 154,2023-11-03,2023-11-04,Google Ads
5155,155,Campaign 155,2023-11-05,2023-11-06,SMS
5156,156,Campaign 156,2023-11-07,2023-11-08,Email
5157,157,Campaign 157,2023-11-09,2023-11-10,Google Ads
5158,158,Campaign 158,2023-11-11,2023-11-12,Instagram
5159,159,Campaign 159,2023-11-13,2023-11-14,Facebook Ads
5160,160,Campaign 160,2023-11-15,2023-11-16,Instagram
5161,161,Campaign 161,2023-11-17,2023-11-18,Instagram
5162,162,Campaign 162,2023-11-19,2023-11-20,SMS
5163,163,Campaign 163,2023-11-21,2023-11-22,SMS
5164,164,Campaign 164,2023-11-23,2023-11-24,Facebook Ads
5165,165,Campaign 165,2023-11-25,2023-11-26,SMS
5166,166,Campaign 166,2023-11-27,2023-11-28,SMS
5167,167,Campaign 167,2023-11-29,2023-11-30,Instagram
5168,168,Campaign 168,2023-12-01,2023-12-02,Google Ads
5169,169,Campaign 169,2023-12-03,2023-12-04,Facebook Ads
5170,170,Campaign 170,2023-12-05,2023-12-06,Email
5171,171,Campaign 171,2023-12-07,2023-12-08,Instagram
5172,172,Campaign 172,2023-12-09,2023-12-10,Email
5173,173,Campaign 173,2023-12-11,2023-12-12,Email
5174,174,Campaign 174,2023-12-13,2023-12-14,Facebook Ads
5175,175,Campaign 175,2023-12-15,2023-12-16,Social Media
5176,176,Campaign 176,2023-12-17,2023-12-18,Email
5177,177,Campaign 177,2023-12-19,2023-12-20,SMS
5178,178,Campaign 178,2023-12-21,2023-12-22,Email
5179,179,Campaign 179,2023-12-23,2023-12-24,Social Media
5180,180,Campaign 180,2023-12-25,2023-12-26,Google Ads
5181,181,Campaign 181,2023-12-27,2023-12-28,Social Media
5182,182,Campaign 182,2023-12-29,2023-12-30,Google Ads
5183,183,Campaign 183,2023-12-31,2024-01-01,SMS
5184,184,Campaign 184,2024-01-02,2024-01-03,Google Ads
5185,185,Campaign 185,2024-01-04,2024-01-05,Social Media
5186,186,Campaign 186,2024-01-06,2024-01-07,Email
5187,187,Campaign 187,2024-01-08,2024-01-09,SMS
5188,188,Campaign 188,2024-01-10,2024-01-11,Google Ads
5189,189,Campaign 189,2024-01-12,2024-01-13,Social Media
5190,190,Campaign 190,2024-01-14,2024-01-15,Instagram
5191,191,Campaign 191,2024-01-16,2024-01-17,Email
5192,192,Campaign 192,2024-01-18,2024-01-19,Google Ads
5193,193,Campaign 193,2024-01-20,2024-01-21,Facebook Ads
5194,194,Campaign 194,2024-01-22,2024-01-23,Email
5195,195,Campaign 195,2024-01-24,2024-01-25,Instagram
5196,196,Campaign 196,2024-01-26,2024-01-27,SMS
5197,197,Campaign 197,2024-01-28,2024-01-29,SMS
5198,198,Campaign 198,2024-01-30,2024-01-31,Instagram
5199,199,Campaign 199,2024-02-01,2024-02-02,Social Media
5200,200,Campaign 200,2024-02-03,2024-02-04,SMS
5201,201,Campaign 201,2024-02-05,2024-02-06,SMS
5202,202,Campaign 202,2024-02-07,2024-02-08,Instagram
5203,203,Campaign 203,2024-02-09,2024-02-10,Facebook Ads
5204,204,Campaign 204,2024-02-11,2024-02-12,Social Media
5205,205,Campaign 205,2024-02-13,2024-02-14,Instagram
5206,206,Campaign 206,2024-02-15,2024-02-16,SMS
5207,207,Campaign 207,2024-02-17,2024-02-18,Google Ads
5208,208,Campaign 208,2024-02-19,2024-02-20,SMS
5209,209,Campaign 209,2024-02-21,2024-02-22,SMS
5210,210,Campaign 210,2024-02-23,2024-02-24,Email
5211,211,Campaign 211,2024-02-25,2024-02-26,Facebook Ads
5212,212,Campaign 212,2024-02-27,2024-02-28,Facebook Ads
5213,213,Campaign 213,2024-02-29,2024-03-01,Facebook Ads
5214,214,Campaign 214,2024-03-02,2024-03-03,SMS
5215,215,Campaign 215,2024-03-04,2024-03-05,Google Ads
5216,216,Campaign 216,2024-03-06,2024-03-07,Instagram
5217,217,Campaign 217,2024-03-08,2024-03-09,Email
5218,218,Campaign 218,2024-03-10,2024-03-11,Email
5219,219,Campaign 219,2024-03-12,2024-03-13,SMS
5220,220,Campaign 220,2024-03-14,2024-03-15,Google Ads
5221,221,Campaign 221,2024-03-16,2024-03-17,Social Media
5222,222,Campaign 222,2024-03-18,2024-03-19,Instagram
5223,223,Campaign 223,2024-03-20,2024-03-21,Facebook Ads
5224,224,Campaign 224,2024-03-22,2024-03-23,Social Media
5225,225,Campaign 225,2024-03-24,2024-03-25,SMS
5226,226,Campaign 226,2024-03-26,2024-03-27,SMS
5227,227,Campaign 227,2024-03-28,2024-03-29,SMS
5228,228,Campaign 228,2024-03-30,2024-03-31,SMS
5229,229,Campaign 229,2024-04-01,2024-04-02,Google Ads
5230,230,Campaign 230,2024-04-03,2024-04-04,Instagram
5231,231,Campaign 231,2024-04-05,2024-04-06,Instagram
5232,232,Campaign 232,2024-04-07,2024-04-08,SMS
5233,233,Campaign 233,2024-04-09,2024-04-10,Instagram
5234,234,Campaign 234,2024-04-11,2024-04-12,Social Media
5235,235,Campaign 235,2024-04-13,2024-04-14,SMS
5236,236,Campaign 236,2024-04-15,2024-04-16,Social Media
5237,237,Campaign 237,2024-04-17,2024-04-18,Google Ads
5238,238,Campaign 238,2024-04-19,2024-04-20,Facebook Ads
5239,239,Campaign 239,2024-04-21,2024-04-22,Social Media
5240,240,Campaign 240,2024-04-23,2024-04-24,SMS
5241,241,Campaign 241,2024-04-25,2024-04-26,Email
5242,242,Campaign 242,2024-04-27,2024-04-28,Social Media
5243,243,Campaign 243,2024-04-29,2024-04-30,Social Media
5244,244,Campaign 244,2024-05-01,2024-05-02,SMS
5245,245,Campaign 245,2024-05-03,2024-05-04,Instagram
5246,246,Campaign 246,2024-05-05,2024-05-06,Email
5247,247,Campaign 247,2024-05-07,2024-05-08,Facebook Ads
5248,248,Campaign 248,2024-05-09,2024-05-10,Email
5249,249,Campaign 249,2024-05-11,2024-05-12,Facebook Ads
5250,250,Campaign 250,2024-05-13,2024-05-14,Google Ads
5251,251,Campaign 251,2024-05-15,2024-05-16,Instagram
5252,252,Campaign 252,2024-05-17,2024-05-18,Google Ads
5253,253,Campaign 253,2024-05-19,2024-05-20,Social Media
5254,254,Campaign 254,2024-05-21,2024-05-22,Social Media
5255,255,Campaign 255,2024-05-23,2024-05-24,Instagram
5256,256,Campaign 256,2024-05-25,2024-05-26,Google Ads
5257,257,Campaign 257,2024-05-27,2024-05-28,Email
5258,258,Campaign 258,2024-05-29,2024-05-30,Google Ads
5259,259,Campaign 259,2024-05-31,2024-06-01,Facebook Ads
5260,260,Campaign 260,2024-06-02,2024-06-03,SMS
5261,261,Campaign 261,2024-06-04,2024-06-05,Social Media
5262,262,Campaign 262,2024-06-06,2024-06-07,Email
5263,263,Campaign 263,2024-06-08,2024-06-09,Social Media
5264,264,Campaign 264,2024-06-10,2024-06-11,Google Ads
5265,265,Campaign 265,2024-06-12,2024-06-13,Instagram
5266,266,Campaign 266,2024-06-14,2024-06-15,Email
5267,267,Campaign 267,2024-06-16,2024-06-17,SMS
5268,268,Campaign 268,2024-06-18,2024-06-19,Instagram
5269,269,Campaign 269,2024-06-20,2024-06-21,SMS
5270,270,Campaign 270,2024-06-22,2024-06-23,Google Ads
5271,271,Campaign 271,2024-06-24,2024-06-25,Facebook Ads
5272,272,Campaign 272,2024-06-26,2024-06-27,Instagram
5273,273,Campaign 273,2024-06-28,2024-06-29,Instagram
5274,274,Campaign 274,2024-06-30,2024-07-01,Google Ads
5275,275,Campaign 275,2024-07-02,2024-07-03,Email
5276,276,Campaign 276,2024-07-04,2024-07-05,SMS
5277,277,Campaign 277,2024-07-06,2024-07-07,Google Ads
5278,278,Campaign 278,2024-07-08,2024-07-09,Instagram
5279,279,Campaign 279,2024-07-10,2024-07-11,Social Media
5280,280,Campaign 280,2024-07-12,2024-07-13,Social Media
5281,281,Campaign 281,2024-07-14,2024-07-15,Instagram
5282,282,Campaign 282,2024-07-16,2024-07-17,Email
5283,283,Campaign 283,2024-07-18,2024-07-19,Instagram
5284,284,Campaign 284,2024-07-20,2024-07-21,Social Media
5285,285,Campaign 285,2024-07-22,2024-07-23,Facebook Ads
5286,286,Campaign 286,2024-07-24,2024-07-25,Instagram
5287,287,Campaign 287,2024-07-26,2024-07-27,Instagram
5288,288,Campaign 288,2024-07-28,2024-07-29,Facebook Ads
5289,289,Campaign 289,2024-07-30,2024-07-31,Email
5290,290,Campaign 290,2024-08-01,2024-08-02,Google Ads
5291,291,Campaign 291,2024-08-03,2024-08-04,Social Media
5292,292,Campaign 292,2024-08-05,2024-08-06,Social Media
5293,293,Campaign 293,2024-08-07,2024-08-08,SMS
5294,294,Campaign 294,2024-08-09,2024-08-10,Google Ads
5295,295,Campaign 295,2024-08-11,2024-08-12,Google Ads
5296,296,Campaign 296,2024-08-13,2024-08-14,Google Ads
5297,297,Campaign 297,2024-08-15,2024-08-16,Google Ads
5298,298,Campaign 298,2024-08-17,2024-08-18,Social Media
5299,299,Campaign 299,2024-08-19,2024-08-20,Instagram
5300,300,Campaign 300,2024-08-21,2024-08-22,Instagram
5301,301,Campaign 301,2024-08-23,2024-08-24,Facebook Ads
5302,302,Campaign 302,2024-08-25,2024-08-26,Instagram
5303,303,Campaign 303,2024-08-27,2024-08-28,SMS
5304,304,Campaign 304,2024-08-29,2024-08-30,Email
5305,305,Campaign 305,2024-08-31,2024-09-01,Email
5306,306,Campaign 306,2024-09-02,2024-09-03,SMS
5307,307,Campaign 307,2024-09-04,2024-09-05,Google Ads
5308,308,Campaign 308,2024-09-06,2024-09-07,Facebook Ads
5309,309,Campaign 309,2024-09-08,2024-09-09,Social Media
5310,310,Campaign 310,2024-09-10,2024-09-11,SMS
5311,311,Campaign 311,2024-09-12,2024-09-13,Instagram
5312,312,Campaign 312,2024-09-14,2024-09-15,Instagram
5313,313,Campaign 313,2024-09-16,2024-09-17,Social Media
5314,314,Campaign 314,2024-09-18,2024-09-19,Email
5315,315,Campaign 315,2024-09-20,2024-09-21,SMS
5316,316,Campaign 316,2024-09-22,2024-09-23,Google Ads
5317,785,Campaign 785,2027-04-18,2027-04-19,Email
5318,786,Campaign 786,2027-04-20,2027-04-21,SMS
5319,787,Campaign 787,2027-04-22,2027-04-23,SMS
5320,788,Campaign 788,2027-04-24,2027-04-25,Email
5321,789,Campaign 789,2027-04-26,2027-04-27,Instagram
5322,790,Campaign 790,2027-04-28,2027-04-29,Instagram
5323,791,Campaign 791,2027-04-30,2027-05-01,Email
5324,792,Campaign 792,2027-05-02,2027-05-03,Instagram
5325,793,Campaign 793,2027-05-04,2027-05-05,Email
5326,794,Campaign 794,2027-05-06,2027-05-07,Facebook Ads
5327,795,Campaign 795,2027-05-08,2027-05-09,SMS
5328,796,Campaign 796,2027-05-10,2027-05-11,Social Media
5329,797,Campaign 797,2027-05-12,2027-05-13,SMS
5330,798,Campaign 798,2027-05-14,2027-05-15,Google Ads
5331,799,Campaign 799,2027-05-16,2027-05-17,Facebook Ads
5332,800,Campaign 800,2027-05-18,2027-05-19,Google Ads
5333,801,Campaign 801,2027-05-20,2027-05-21,Email
5334,802,Campaign 802,2027-05-22,2027-05-23,Social Media
5335,803,Campaign 803,2027-05-24,2027-05-25,Facebook Ads
5336,804,Campaign 804,2027-05-26,2027-05-27,SMS
5337,805,Campaign 805,2027-05-28,2027-05-29,Instagram
5338,806,Campaign 806,2027-05-30,2027-05-31,Google Ads
5339,807,Campaign 807,2027-06-01,2027-06-02,Google Ads
5340,808,Campaign 808,2027-06-03,2027-06-04,Instagram
5341,809,Campaign 809,2027-06-05,2027-06-06,Facebook Ads
5342,810,Campaign 810,2027-06-07,2027-06-08,Instagram
5343,811,Campaign 811,2027-06-09,2027-06-10,Google Ads
5344,812,Campaign 812,2027-06-11,2027-06-12,Instagram
5345,813,Campaign 813,2027-06-13,2027-06-14,Google Ads
5346,814,Campaign 814,2027-06-15,2027-06-16,SMS
5347,815,Campaign 815,2027-06-17,2027-06-18,Facebook Ads
5348,816,Campaign 816,2027-06-19,2027-06-20,Social Media
5349,817,Campaign 817,2027-06-21,2027-06-22,Facebook Ads
5350,818,Campaign 818,2027-06-23,2027-06-24,Instagram
5351,819,Campaign 819,2027-06-25,2027-06-26,Instagram
5352,820,Campaign 820,2027-06-27,2027-06-28,Facebook Ads
5353,821,Campaign 821,2027-06-29,2027-06-30,Social Media
5354,822,Campaign 822,2027-07-01,2027-07-02,Google Ads
5355,823,Campaign 823,2027-07-03,2027-07-04,Instagram
5356,824,Campaign 824,2027-07-05,2027-07-06,Instagram
5357,825,Campaign 825,2027-07-07,2027-07-08,Facebook Ads
5358,826,Campaign 826,2027-07-09,2027-07-10,Google Ads
5359,827,Campaign 827,2027-07-11,2027-07-12,Google Ads
5360,828,Campaign 828,2027-07-13,2027-07-14,Instagram
5361,829,Campaign 829,2027-07-15,2027-07-16,Google Ads
5362,830,Campaign 830,2027-07-17,2027-07-18,SMS
5363,831,Campaign 831,2027-07-19,2027-07-20,Facebook Ads
5364,832,Campaign 832,2027-07-21,2027-07-22,SMS
5365,833,Campaign 833,2027-07-23,2027-07-24,Social Media
5366,834,Campaign 834,2027-07-25,2027-07-26,SMS
5367,835,Campaign 835,2027-07-27,2027-07-28,Email
5368,836,Campaign 836,2027-07-29,2027-07-30,SMS
5369,837,Campaign 837,2027-07-31,2027-08-01,Social Media
5370,838,Campaign 838,2027-08-02,2027-08-03,Facebook Ads
5371,839,Campaign 839,2027-08-04,2027-08-05,SMS
5372,840,Campaign 840,2027-08-06,2027-08-07,Social Media
5373,841,Campaign 841,2027-08-08,2027-08-09,Email
5374,842,Campaign 842,2027-08-10,2027-08-11,Social Media
5375,843,Campaign 843,2027-08-12,2027-08-13,Instagram
5376,844,Campaign 844,2027-08-14,2027-08-15,Facebook Ads
5377,845,Campaign 845,2027-08-16,2027-08-17,Google Ads
5378,846,Campaign 846,2027-08-18,2027-08-19,Instagram
5379,847,Campaign 847,2027-08-20,2027-08-21,Instagram
5380,848,Campaign 848,2027-08-22,2027-08-23,SMS
5381,849,Campaign 849,2027-08-24,2027-08-25,SMS
5382,850,Campaign 850,2027-08-26,2027-08-27,SMS
5383,851,Campaign 851,2027-08-28,2027-08-29,Email
5384,852,Campaign 852,2027-08-30,2027-08-31,Social Media
5385,853,Campaign 853,2027-09-01,2027-09-02,Facebook Ads
5386,854,Campaign 854,2027-09-03,2027-09-04,SMS
5387,855,Campaign 855,2027-09-05,2027-09-06,Email
5388,856,Campaign 856,2027-09-07,2027-09-08,Email
5389,857,Campaign 857,2027-09-09,2027-09-10,Social Media
5390,858,Campaign 858,2027-09-11,2027-09-12,Facebook Ads
5391,859,Campaign 859,2027-09-13,2027-09-14,Instagram
5392,860,Campaign 860,2027-09-15,2027-09-16,Facebook Ads
5393,861,Campaign 861,2027-09-17,2027-09-18,Email
5394,862,Campaign 862,2027-09-19,2027-09-20,Email
5395,863,Campaign 863,2027-09-21,2027-09-22,Google Ads
5396,864,Campaign 864,2027-09-23,2027-09-24,Social Media
5397,865,Campaign 865,2027-09-25,2027-09-26,Google Ads
5398,866,Campaign 866,2027-09-27,2027-09-28,Email
5399,867,Campaign 867,2027-09-29,2027-09-30,Instagram
5400,868,Campaign 868,2027-10-01,2027-10-02,Email
5401,869,Campaign 869,2027-10-03,2027-10-04,SMS
5402,870,Campaign 870,2027-10-05,2027-10-06,Facebook Ads
5403,871,Campaign 871,2027-10-07,2027-10-08,Facebook Ads
5404,872,Campaign 872,2027-10-09,2027-10-10,Instagram
5405,873,Campaign 873,2027-10-11,2027-10-12,SMS
5406,874,Campaign 874,2027-10-13,2027-10-14,Instagram
5407,875,Campaign 875,2027-10-15,2027-10-16,Google Ads
5408,876,Campaign 876,2027-10-17,2027-10-18,SMS
5409,877,Campaign 877,2027-10-19,2027-10-20,Instagram
5410,878,Campaign 878,2027-10-21,2027-10-22,Email
5411,879,Campaign 879,2027-10-23,2027-10-24,Social Media
5412,880,Campaign 880,2027-10-25,2027-10-26,SMS
5413,881,Campaign 881,2027-10-27,2027-10-28,Facebook Ads
5414,882,Campaign 882,2027-10-29,2027-10-30,Facebook Ads
5415,883,Campaign 883,2027-10-31,2027-11-01,Email
5416,884,Campaign 884,2027-11-02,2027-11-03,Social Media
5417,885,Campaign 885,2027-11-04,2027-11-05,SMS
5418,886,Campaign 886,2027-11-06,2027-11-07,Instagram
5419,887,Campaign 887,2027-11-08,2027-11-09,Google Ads
5420,888,Campaign 888,2027-11-10,2027-11-11,Social Media
5421,889,Campaign 889,2027-11-12,2027-11-13,Email
5422,890,Campaign 890,2027-11-14,2027-11-15,Instagram
5423,891,Campaign 891,2027-11-16,2027-11-17,Instagram
5424,892,Campaign 892,2027-11-18,2027-11-19,Instagram
5425,893,Campaign 893,2027-11-20,2027-11-21,SMS
5426,894,Campaign 894,2027-11-22,2027-11-23,Social Media
5427,895,Campaign 895,2027-11-24,2027-11-25,Instagram
5428,896,Campaign 896,2027-11-26,2027-11-27,Social Media
5429,897,Campaign 897,2027-11-28,2027-11-29,SMS
5430,898,Campaign 898,2027-11-30,2027-12-01,Email
5431,899,Campaign 899,2027-12-02,2027-12-03,Google Ads
5432,900,Campaign 900,2027-12-04,2027-12-05,Social Media
5433,901,Campaign 901,2027-12-06,2027-12-07,SMS
5434,902,Campaign 902,2027-12-08,2027-12-09,Email
5435,903,Campaign 903,2027-12-10,2027-12-11,Social Media
5436,904,Campaign 904,2027-12-12,2027-12-13,Email
5437,905,Campaign 905,2027-12-14,2027-12-15,Google Ads
5438,906,Campaign 906,2027-12-16,2027-12-17,Facebook Ads
5439,907,Campaign 907,2027-12-18,2027-12-19,Google Ads
5440,908,Campaign 908,2027-12-20,2027-12-21,SMS
5441,909,Campaign 909,2027-12-22,2027-12-23,Facebook Ads
5442,910,Campaign 910,2027-12-24,2027-12-25,Facebook Ads
5443,911,Campaign 911,2027-12-26,2027-12-27,Instagram
5444,912,Campaign 912,2027-12-28,2027-12-29,Social Media
5445,913,Campaign 913,2027-12-30,2027-12-31,Instagram
5446,914,Campaign 914,2028-01-01,2028-01-02,Email
5447,915,Campaign 915,2028-01-03,2028-01-04,SMS
5448,916,Campaign 916,2028-01-05,2028-01-06,SMS
5449,917,Campaign 917,2028-01-07,2028-01-08,Email
5450,918,Campaign 918,2028-01-09,2028-01-10,Email
5451,919,Campaign 919,2028-01-11,2028-01-12,Instagram
5452,920,Campaign 920,2028-01-13,2028-01-14,Google Ads
5453,921,Campaign 921,2028-01-15,2028-01-16,SMS
5454,922,Campaign 922,2028-01-17,2028-01-18,Instagram
5455,923,Campaign 923,2028-01-19,2028-01-20,Instagram
5456,924,Campaign 924,2028-01-21,2028-01-22,Google Ads
5457,925,Campaign 925,2028-01-23,2028-01-24,Google Ads
5458,926,Campaign 926,2028-01-25,2028-01-26,Google Ads
5459,927,Campaign 927,2028-01-27,2028-01-28,Social Media
5460,928,Campaign 928,2028-01-29,2028-01-30,Instagram
5461,929,Campaign 929,2028-01-31,2028-02-01,Social Media
5462,930,Campaign 930,2028-02-02,2028-02-03,Facebook Ads
5463,931,Campaign 931,2028-02-04,2028-02-05,Facebook Ads
5464,932,Campaign 932,2028-02-06,2028-02-07,Instagram
5465,933,Campaign 933,2028-02-08,2028-02-09,Email
5466,934,Campaign 934,2028-02-10,2028-02-11,Google Ads
5467,935,Campaign 935,2028-02-12,2028-02-13,Social Media
5468,936,Campaign 936,2028-02-14,2028-02-15,Facebook Ads
5469,937,Campaign 937,2028-02-16,2028-02-17,Instagram
5470,938,Campaign 938,2028-02-18,2028-02-19,Email
5471,939,Campaign 939,2028-02-20,2028-02-21,Instagram
5472,940,Campaign 940,2028-02-22,2028-02-23,Email
5473,941,Campaign 941,2028-02-24,2028-02-25,Instagram
5474,942,Campaign 942,2028-02-26,2028-02-27,Google Ads
5475,943,Campaign 943,2028-02-28,2028-02-29,Google Ads
5476,944,Campaign 944,2028-03-01,2028-03-02,Email
5477,945,Campaign 945,2028-03-03,2028-03-04,Instagram
5478,946,Campaign 946,2028-03-05,2028-03-06,Google Ads
5479,947,Campaign 947,2028-03-07,2028-03-08,Instagram
5480,948,Campaign 948,2028-03-09,2028-03-10,Instagram
5481,949,Campaign 949,2028-03-11,2028-03-12,Google Ads
5482,950,Campaign 950,2028-03-13,2028-03-14,SMS
5483,951,Campaign 951,2028-03-15,2028-03-16,Facebook Ads
5484,952,Campaign 952,2028-03-17,2028-03-18,Facebook Ads
5485,953,Campaign 953,2028-03-19,2028-03-20,Instagram
5486,954,Campaign 954,2028-03-21,2028-03-22,Facebook Ads
5487,955,Campaign 955,2028-03-23,2028-03-24,Social Media
5488,956,Campaign 956,2028-03-25,2028-03-26,Google Ads
5489,957,Campaign 957,2028-03-27,2028-03-28,Facebook Ads
5490,958,Campaign 958,2028-03-29,2028-03-30,SMS
5491,959,Campaign 959,2028-03-31,2028-04-01,Facebook Ads
5492,960,Campaign 960,2028-04-02,2028-04-03,Instagram
5493,961,Campaign 961,2028-04-04,2028-04-05,Email
5494,962,Campaign 962,2028-04-06,2028-04-07,Facebook Ads
5495,963,Campaign 963,2028-04-08,2028-04-09,Email
5496,964,Campaign 964,2028-04-10,2028-04-11,Google Ads
5497,965,Campaign 965,2028-04-12,2028-04-13,Email
5498,966,Campaign 966,2028-04-14,2028-04-15,Facebook Ads
5499,967,Campaign 967,2028-04-16,2028-04-17,SMS
5500,968,Campaign 968,2028-04-18,2028-04-19,Social Media
5501,969,Campaign 969,2028-04-20,2028-04-21,SMS
5502,970,Campaign 970,2028-04-22,2028-04-23,SMS
5503,971,Campaign 971,2028-04-24,2028-04-25,Social Media
5504,972,Campaign 972,2028-04-26,2028-04-27,Google Ads
5505,973,Campaign 973,2028-04-28,2028-04-29,Facebook Ads
5506,974,Campaign 974,2028-04-30,2028-05-01,Google Ads
5507,975,Campaign 975,2028-05-02,2028-05-03,Instagram
5508,976,Campaign 976,2028-05-04,2028-05-05,Instagram
5509,977,Campaign 977,2028-05-06,2028-05-07,Email
5510,978,Campaign 978,2028-05-08,2028-05-09,SMS
5511,979,Campaign 979,2028-05-10,2028-05-11,Google Ads
5512,980,Campaign 980,2028-05-12,2028-05-13,Social Media
5513,981,Campaign 981,2028-05-14,2028-05-15,Google Ads
5514,982,Campaign 982,2028-05-16,2028-05-17,Email
5515,983,Campaign 983,2028-05-18,2028-05-19,Facebook Ads
5516,984,Campaign 984,2028-05-20,2028-05-21,SMS
5517,985,Campaign 985,2028-05-22,2028-05-23,SMS
5518,986,Campaign 986,2028-05-24,2028-05-25,Google Ads
5519,987,Campaign 987,2028-05-26,2028-05-27,Email
5520,988,Campaign 988,2028-05-28,2028-05-29,Instagram
5521,989,Campaign 989,2028-05-30,2028-05-31,Social Media
5522,990,Campaign 990,2028-06-01,2028-06-02,Facebook Ads
5523,991,Campaign 991,2028-06-03,2028-06-04,Google Ads
5524,992,Campaign 992,2028-06-05,2028-06-06,Google Ads
5525,993,Campaign 993,2028-06-07,2028-06-08,Social Media
5526,994,Campaign 994,2028-06-09,2028-06-10,Instagram
5527,995,Campaign 995,2028-06-11,2028-06-12,Google Ads
5528,996,Campaign 996,2028-06-13,2028-06-14,Social Media
5529,997,Campaign 997,2028-06-15,2028-06-16,SMS
5530,998,Campaign 998,2028-06-17,2028-06-18,SMS
5531,999,Campaign 999,2028-06-19,2028-06-20,Social Media
5532,1000,Campaign 1000,2028-06-21,2028-06-22,Facebook Ads
5533,475,Campaign 475,2025-08-06,2025-08-07,SMS
5534,476,Campaign 476,2025-08-08,2025-08-09,Instagram
5535,477,Campaign 477,2025-08-10,2025-08-11,Facebook Ads
5536,478,Campaign 478,2025-08-12,2025-08-13,Google Ads
5537,479,Campaign 479,2025-08-14,2025-08-15,Google Ads
5538,480,Campaign 480,2025-08-16,2025-08-17,Social Media
5539,481,Campaign 481,2025-08-18,2025-08-19,SMS
5540,482,Campaign 482,2025-08-20,2025-08-21,SMS
5541,483,Campaign 483,2025-08-22,2025-08-23,Social Media
5542,484,Campaign 484,2025-08-24,2025-08-25,Email
5543,485,Campaign 485,2025-08-26,2025-08-27,Google Ads
5544,486,Campaign 486,2025-08-28,2025-08-29,Instagram
5545,487,Campaign 487,2025-08-30,2025-08-31,Email
5546,488,Campaign 488,2025-09-01,2025-09-02,Social Media
5547,489,Campaign 489,2025-09-03,2025-09-04,Google Ads
5548,490,Campaign 490,2025-09-05,2025-09-06,Facebook Ads
5549,491,Campaign 491,2025-09-07,2025-09-08,Facebook Ads
5550,492,Campaign 492,2025-09-09,2025-09-10,Google Ads
5551,493,Campaign 493,2025-09-11,2025-09-12,Instagram
5552,494,Campaign 494,2025-09-13,2025-09-14,SMS
5553,495,Campaign 495,2025-09-15,2025-09-16,Google Ads
5554,496,Campaign 496,2025-09-17,2025-09-18,SMS
5555,497,Campaign 497,2025-09-19,2025-09-20,Instagram
5556,498,Campaign 498,2025-09-21,2025-09-22,Social Media
5557,499,Campaign 499,2025-09-23,2025-09-24,Instagram
5558,500,Campaign 500,2025-09-25,2025-09-26,Instagram
5559,501,Campaign 501,2025-09-27,2025-09-28,Google Ads
5560,502,Campaign 502,2025-09-29,2025-09-30,Google Ads
5561,503,Campaign 503,2025-10-01,2025-10-02,Facebook Ads
5562,504,Campaign 504,2025-10-03,2025-10-04,Social Media
5563,505,Campaign 505,2025-10-05,2025-10-06,Email
5564,506,Campaign 506,2025-10-07,2025-10-08,Google Ads
5565,507,Campaign 507,2025-10-09,2025-10-10,Social Media
5566,508,Campaign 508,2025-10-11,2025-10-12,Social Media
5567,509,Campaign 509,2025-10-13,2025-10-14,SMS
5568,510,Campaign 510,2025-10-15,2025-10-16,SMS
5569,511,Campaign 511,2025-10-17,2025-10-18,SMS
5570,512,Campaign 512,2025-10-19,2025-10-20,Facebook Ads
5571,513,Campaign 513,2025-10-21,2025-10-22,Google Ads
5572,514,Campaign 514,2025-10-23,2025-10-24,Google Ads
5573,515,Campaign 515,2025-10-25,2025-10-26,Social Media
5574,516,Campaign 516,2025-10-27,2025-10-28,SMS
5575,517,Campaign 517,2025-10-29,2025-10-30,SMS
5576,518,Campaign 518,2025-10-31,2025-11-01,Google Ads
5577,519,Campaign 519,2025-11-02,2025-11-03,Facebook Ads
5578,520,Campaign 520,2025-11-04,2025-11-05,Facebook Ads
5579,521,Campaign 521,2025-11-06,2025-11-07,Facebook Ads
5580,522,Campaign 522,2025-11-08,2025-11-09,Google Ads
5581,523,Campaign 523,2025-11-10,2025-11-11,Google Ads
5582,524,Campaign 524,2025-11-12,2025-11-13,Facebook Ads
5583,525,Campaign 525,2025-11-14,2025-11-15,Instagram
5584,526,Campaign 526,2025-11-16,2025-11-17,Email
5585,527,Campaign 527,2025-11-18,2025-11-19,Social Media
5586,528,Campaign 528,2025-11-20,2025-11-21,SMS
5587,529,Campaign 529,2025-11-22,2025-11-23,Instagram
5588,530,Campaign 530,2025-11-24,2025-11-25,Email
5589,531,Campaign 531,2025-11-26,2025-11-27,Google Ads
5590,532,Campaign 532,2025-11-28,2025-11-29,Social Media
5591,533,Campaign 533,2025-11-30,2025-12-01,Instagram
5592,534,Campaign 534,2025-12-02,2025-12-03,Social Media
5593,535,Campaign 535,2025-12-04,2025-12-05,Google Ads
5594,536,Campaign 536,2025-12-06,2025-12-07,SMS
5595,537,Campaign 537,2025-12-08,2025-12-09,SMS
5596,538,Campaign 538,2025-12-10,2025-12-11,Email
5597,539,Campaign 539,2025-12-12,2025-12-13,SMS
5598,540,Campaign 540,2025-12-14,2025-12-15,Email
5599,541,Campaign 541,2025-12-16,2025-12-17,Email
5600,542,Campaign 542,2025-12-18,2025-12-19,Instagram
5601,543,Campaign 543,2025-12-20,2025-12-21,SMS
5602,544,Campaign 544,2025-12-22,2025-12-23,Email
5603,545,Campaign 545,2025-12-24,2025-12-25,Instagram
5604,546,Campaign 546,2025-12-26,2025-12-27,Instagram
5605,547,Campaign 547,2025-12-28,2025-12-29,Facebook Ads
5606,548,Campaign 548,2025-12-30,2025-12-31,Instagram
5607,549,Campaign 549,2026-01-01,2026-01-02,Social Media
5608,550,Campaign 550,2026-01-03,2026-01-04,Email
5609,551,Campaign 551,2026-01-05,2026-01-06,Instagram
5610,552,Campaign 552,2026-01-07,2026-01-08,Google Ads
5611,553,Campaign 553,2026-01-09,2026-01-10,Instagram
5612,554,Campaign 554,2026-01-11,2026-01-12,Instagram
5613,555,Campaign 555,2026-01-13,2026-01-14,Facebook Ads
5614,556,Campaign 556,2026-01-15,2026-01-16,SMS
5615,557,Campaign 557,2026-01-17,2026-01-18,Social Media
5616,558,Campaign 558,2026-01-19,2026-01-20,Google Ads
5617,559,Campaign 559,2026-01-21,2026-01-22,Facebook Ads
5618,560,Campaign 560,2026-01-23,2026-01-24,Social Media
5619,561,Campaign 561,2026-01-25,2026-01-26,Instagram
5620,562,Campaign 562,2026-01-27,2026-01-28,SMS
5621,563,Campaign 563,2026-01-29,2026-01-30,Google Ads
5622,564,Campaign 564,2026-01-31,2026-02-01,Social Media
5623,565,Campaign 565,2026-02-02,2026-02-03,Facebook Ads
5624,566,Campaign 566,2026-02-04,2026-02-05,Instagram
5625,567,Campaign 567,2026-02-06,2026-02-07,Instagram
5626,568,Campaign 568,2026-02-08,2026-02-09,Email
5627,569,Campaign 569,2026-02-10,2026-02-11,Facebook Ads
5628,570,Campaign 570,2026-02-12,2026-02-13,Google Ads
5629,571,Campaign 571,2026-02-14,2026-02-15,Instagram
5630,572,Campaign 572,2026-02-16,2026-02-17,Email
5631,573,Campaign 573,2026-02-18,2026-02-19,SMS
5632,574,Campaign 574,2026-02-20,2026-02-21,Social Media
5633,575,Campaign 575,2026-02-22,2026-02-23,Instagram
5634,576,Campaign 576,2026-02-24,2026-02-25,SMS
5635,577,Campaign 577,2026-02-26,2026-02-27,Social Media
5636,578,Campaign 578,2026-02-28,2026-03-01,Instagram
5637,579,Campaign 579,2026-03-02,2026-03-03,Social Media
5638,580,Campaign 580,2026-03-04,2026-03-05,Facebook Ads
5639,581,Campaign 581,2026-03-06,2026-03-07,Social Media
5640,582,Campaign 582,2026-03-08,2026-03-09,Social Media
5641,583,Campaign 583,2026-03-10,2026-03-11,Instagram
5642,584,Campaign 584,2026-03-12,2026-03-13,Instagram
5643,585,Campaign 585,2026-03-14,2026-03-15,SMS
5644,586,Campaign 586,2026-03-16,2026-03-17,Social Media
5645,587,Campaign 587,2026-03-18,2026-03-19,SMS
5646,588,Campaign 588,2026-03-20,2026-03-21,SMS
5647,589,Campaign 589,2026-03-22,2026-03-23,Facebook Ads
5648,590,Campaign 590,2026-03-24,2026-03-25,Google Ads
5649,591,Campaign 591,2026-03-26,2026-03-27,Email
5650,592,Campaign 592,2026-03-28,2026-03-29,Social Media
5651,593,Campaign 593,2026-03-30,2026-03-31,Facebook Ads
5652,594,Campaign 594,2026-04-01,2026-04-02,Social Media
5653,595,Campaign 595,2026-04-03,2026-04-04,Email
5654,596,Campaign 596,2026-04-05,2026-04-06,Google Ads
5655,597,Campaign 597,2026-04-07,2026-04-08,Google Ads
5656,598,Campaign 598,2026-04-09,2026-04-10,Social Media
5657,599,Campaign 599,2026-04-11,2026-04-12,Email
5658,600,Campaign 600,2026-04-13,2026-04-14,SMS
5659,601,Campaign 601,2026-04-15,2026-04-16,Social Media
5660,602,Campaign 602,2026-04-17,2026-04-18,Instagram
5661,603,Campaign 603,2026-04-19,2026-04-20,Google Ads
5662,604,Campaign 604,2026-04-21,2026-04-22,Facebook Ads
5663,605,Campaign 605,2026-04-23,2026-04-24,Facebook Ads
5664,606,Campaign 606,2026-04-25,2026-04-26,Facebook Ads
5665,607,Campaign 607,2026-04-27,2026-04-28,Email
5666,608,Campaign 608,2026-04-29,2026-04-30,Email
5667,609,Campaign 609,2026-05-01,2026-05-02,SMS
5668,610,Campaign 610,2026-05-03,2026-05-04,Google Ads
5669,611,Campaign 611,2026-05-05,2026-05-06,Email
5670,612,Campaign 612,2026-05-07,2026-05-08,SMS
5671,613,Campaign 613,2026-05-09,2026-05-10,Instagram
5672,614,Campaign 614,2026-05-11,2026-05-12,SMS
5673,615,Campaign 615,2026-05-13,2026-05-14,Google Ads
5674,616,Campaign 616,2026-05-15,2026-05-16,SMS
5675,617,Campaign 617,2026-05-17,2026-05-18,Google Ads
5676,618,Campaign 618,2026-05-19,2026-05-20,Instagram
5677,619,Campaign 619,2026-05-21,2026-05-22,Instagram
5678,620,Campaign 620,2026-05-23,2026-05-24,Instagram
5679,621,Campaign 621,2026-05-25,2026-05-26,Social Media
5680,622,Campaign 622,2026-05-27,2026-05-28,Facebook Ads
5681,623,Campaign 623,2026-05-29,2026-05-30,SMS
5682,624,Campaign 624,2026-05-31,2026-06-01,Facebook Ads
5683,625,Campaign 625,2026-06-02,2026-06-03,Google Ads
5684,626,Campaign 626,2026-06-04,2026-06-05,Instagram
5685,627,Campaign 627,2026-06-06,2026-06-07,SMS
5686,628,Campaign 628,2026-06-08,2026-06-09,Email
5687,629,Campaign 629,2026-06-10,2026-06-11,Instagram
5688,630,Campaign 630,2026-06-12,2026-06-13,Google Ads
5689,317,Campaign 317,2024-09-24,2024-09-25,Facebook Ads
5690,318,Campaign 318,2024-09-26,2024-09-27,Email
5691,319,Campaign 319,2024-09-28,2024-09-29,Facebook Ads
5692,320,Campaign 320,2024-09-30,2024-10-01,Google Ads
5693,321,Campaign 321,2024-10-02,2024-10-03,Instagram
5694,322,Campaign 322,2024-10-04,2024-10-05,SMS
5695,323,Campaign 323,2024-10-06,2024-10-07,Google Ads
5696,324,Campaign 324,2024-10-08,2024-10-09,Email
5697,325,Campaign 325,2024-10-10,2024-10-11,Instagram
5698,326,Campaign 326,2024-10-12,2024-10-13,Google Ads
5699,327,Campaign 327,2024-10-14,2024-10-15,Instagram
5700,328,Campaign 328,2024-10-16,2024-10-17,Instagram
5701,329,Campaign 329,2024-10-18,2024-10-19,Facebook Ads
5702,330,Campaign 330,2024-10-20,2024-10-21,Facebook Ads
5703,331,Campaign 331,2024-10-22,2024-10-23,Email
5704,332,Campaign 332,2024-10-24,2024-10-25,Google Ads
5705,333,Campaign 333,2024-10-26,2024-10-27,SMS
5706,334,Campaign 334,2024-10-28,2024-10-29,Social Media
5707,335,Campaign 335,2024-10-30,2024-10-31,Google Ads
5708,336,Campaign 336,2024-11-01,2024-11-02,Instagram
5709,337,Campaign 337,2024-11-03,2024-11-04,Email
5710,338,Campaign 338,2024-11-05,2024-11-06,Email
5711,339,Campaign 339,2024-11-07,2024-11-08,Social Media
5712,340,Campaign 340,2024-11-09,2024-11-10,Instagram
5713,341,Campaign 341,2024-11-11,2024-11-12,Instagram
5714,342,Campaign 342,2024-11-13,2024-11-14,Email
5715,343,Campaign 343,2024-11-15,2024-11-16,SMS
5716,344,Campaign 344,2024-11-17,2024-11-18,Email
5717,345,Campaign 345,2024-11-19,2024-11-20,Social Media
5718,346,Campaign 346,2024-11-21,2024-11-22,SMS
5719,347,Campaign 347,2024-11-23,2024-11-24,SMS
5720,348,Campaign 348,2024-11-25,2024-11-26,Social Media
5721,349,Campaign 349,2024-11-27,2024-11-28,SMS
5722,350,Campaign 350,2024-11-29,2024-11-30,Facebook Ads
5723,351,Campaign 351,2024-12-01,2024-12-02,Email
5724,352,Campaign 352,2024-12-03,2024-12-04,Social Media
5725,353,Campaign 353,2024-12-05,2024-12-06,Instagram
5726,354,Campaign 354,2024-12-07,2024-12-08,SMS
5727,355,Campaign 355,2024-12-09,2024-12-10,SMS
5728,356,Campaign 356,2024-12-11,2024-12-12,Facebook Ads
5729,357,Campaign 357,2024-12-13,2024-12-14,SMS
5730,358,Campaign 358,2024-12-15,2024-12-16,Email
5731,359,Campaign 359,2024-12-17,2024-12-18,SMS
5732,360,Campaign 360,2024-12-19,2024-12-20,SMS
5733,361,Campaign 361,2024-12-21,2024-12-22,Social Media
5734,362,Campaign 362,2024-12-23,2024-12-24,Email
5735,363,Campaign 363,2024-12-25,2024-12-26,Facebook Ads
5736,364,Campaign 364,2024-12-27,2024-12-28,SMS
5737,365,Campaign 365,2024-12-29,2024-12-30,Google Ads
5738,366,Campaign 366,2024-12-31,2025-01-01,Email
5739,367,Campaign 367,2025-01-02,2025-01-03,Email
5740,368,Campaign 368,2025-01-04,2025-01-05,Email
5741,369,Campaign 369,2025-01-06,2025-01-07,Email
5742,370,Campaign 370,2025-01-08,2025-01-09,Social Media
5743,371,Campaign 371,2025-01-10,2025-01-11,Google Ads
5744,372,Campaign 372,2025-01-12,2025-01-13,Instagram
5745,373,Campaign 373,2025-01-14,2025-01-15,Email
5746,374,Campaign 374,2025-01-16,2025-01-17,Instagram
5747,375,Campaign 375,2025-01-18,2025-01-19,Social Media
5748,376,Campaign 376,2025-01-20,2025-01-21,Google Ads
5749,377,Campaign 377,2025-01-22,2025-01-23,Facebook Ads
5750,378,Campaign 378,2025-01-24,2025-01-25,Facebook Ads
5751,379,Campaign 379,2025-01-26,2025-01-27,Facebook Ads
5752,380,Campaign 380,2025-01-28,2025-01-29,SMS
5753,381,Campaign 381,2025-01-30,2025-01-31,Facebook Ads
5754,382,Campaign 382,2025-02-01,2025-02-02,Facebook Ads
5755,383,Campaign 383,2025-02-03,2025-02-04,Google Ads
5756,384,Campaign 384,2025-02-05,2025-02-06,Email
5757,385,Campaign 385,2025-02-07,2025-02-08,Facebook Ads
5758,386,Campaign 386,2025-02-09,2025-02-10,SMS
5759,387,Campaign 387,2025-02-11,2025-02-12,Email
5760,388,Campaign 388,2025-02-13,2025-02-14,Instagram
5761,389,Campaign 389,2025-02-15,2025-02-16,Email
5762,390,Campaign 390,2025-02-17,2025-02-18,SMS
5763,391,Campaign 391,2025-02-19,2025-02-20,SMS
5764,392,Campaign 392,2025-02-21,2025-02-22,Instagram
5765,393,Campaign 393,2025-02-23,2025-02-24,Email
5766,394,Campaign 394,2025-02-25,2025-02-26,SMS
5767,395,Campaign 395,2025-02-27,2025-02-28,Instagram
5768,396,Campaign 396,2025-03-01,2025-03-02,Email
5769,397,Campaign 397,2025-03-03,2025-03-04,SMS
5770,398,Campaign 398,2025-03-05,2025-03-06,Email
5771,399,Campaign 399,2025-03-07,2025-03-08,Google Ads
5772,400,Campaign 400,2025-03-09,2025-03-10,Instagram
5773,401,Campaign 401,2025-03-11,2025-03-12,Email
5774,402,Campaign 402,2025-03-13,2025-03-14,Google Ads
5775,403,Campaign 403,2025-03-15,2025-03-16,SMS
5776,404,Campaign 404,2025-03-17,2025-03-18,Google Ads
5777,405,Campaign 405,2025-03-19,2025-03-20,Instagram
5778,406,Campaign 406,2025-03-21,2025-03-22,Email
5779,407,Campaign 407,2025-03-23,2025-03-24,Google Ads
5780,408,Campaign 408,2025-03-25,2025-03-26,Facebook Ads
5781,409,Campaign 409,2025-03-27,2025-03-28,Facebook Ads
5782,410,Campaign 410,2025-03-29,2025-03-30,Facebook Ads
5783,411,Campaign 411,2025-03-31,2025-04-01,SMS
5784,412,Campaign 412,2025-04-02,2025-04-03,Email
5785,413,Campaign 413,2025-04-04,2025-04-05,Facebook Ads
5786,414,Campaign 414,2025-04-06,2025-04-07,Social Media
5787,415,Campaign 415,2025-04-08,2025-04-09,Instagram
5788,416,Campaign 416,2025-04-10,2025-04-11,Social Media
5789,417,Campaign 417,2025-04-12,2025-04-13,Social Media
5790,418,Campaign 418,2025-04-14,2025-04-15,SMS
5791,419,Campaign 419,2025-04-16,2025-04-17,Facebook Ads
5792,420,Campaign 420,2025-04-18,2025-04-19,Instagram
5793,421,Campaign 421,2025-04-20,2025-04-21,Google Ads
5794,422,Campaign 422,2025-04-22,2025-04-23,SMS
5795,423,Campaign 423,2025-04-24,2025-04-25,Social Media
5796,424,Campaign 424,2025-04-26,2025-04-27,Google Ads
5797,425,Campaign 425,2025-04-28,2025-04-29,SMS
5798,426,Campaign 426,2025-04-30,2025-05-01,SMS
5799,427,Campaign 427,2025-05-02,2025-05-03,SMS
5800,428,Campaign 428,2025-05-04,2025-05-05,Google Ads
5801,429,Campaign 429,2025-05-06,2025-05-07,Email
5802,430,Campaign 430,2025-05-08,2025-05-09,Instagram
5803,431,Campaign 431,2025-05-10,2025-05-11,Instagram
5804,432,Campaign 432,2025-05-12,2025-05-13,Social Media
5805,433,Campaign 433,2025-05-14,2025-05-15,Email
5806,434,Campaign 434,2025-05-16,2025-05-17,Email
5807,435,Campaign 435,2025-05-18,2025-05-19,Email
5808,436,Campaign 436,2025-05-20,2025-05-21,Instagram
5809,437,Campaign 437,2025-05-22,2025-05-23,Instagram
5810,438,Campaign 438,2025-05-24,2025-05-25,Facebook Ads
5811,439,Campaign 439,2025-05-26,2025-05-27,Instagram
5812,440,Campaign 440,2025-05-28,2025-05-29,Instagram
5813,441,Campaign 441,2025-05-30,2025-05-31,Email
5814,442,Campaign 442,2025-06-01,2025-06-02,Google Ads
5815,443,Campaign 443,2025-06-03,2025-06-04,Social Media
5816,444,Campaign 444,2025-06-05,2025-06-06,SMS
5817,445,Campaign 445,2025-06-07,2025-06-08,SMS
5818,446,Campaign 446,2025-06-09,2025-06-10,SMS
5819,447,Campaign 447,2025-06-11,2025-06-12,Google Ads
5820,448,Campaign 448,2025-06-13,2025-06-14,Social Media
5821,449,Campaign 449,2025-06-15,2025-06-16,Facebook Ads
5822,450,Campaign 450,2025-06-17,2025-06-18,SMS
5823,451,Campaign 451,2025-06-19,2025-06-20,Instagram
5824,452,Campaign 452,2025-06-21,2025-06-22,Social Media
5825,453,Campaign 453,2025-06-23,2025-06-24,Social Media
5826,454,Campaign 454,2025-06-25,2025-06-26,Social Media
5827,455,Campaign 455,2025-06-27,2025-06-28,Social Media
5828,456,Campaign 456,2025-06-29,2025-06-30,Instagram
5829,457,Campaign 457,2025-07-01,2025-07-02,Google Ads
5830,458,Campaign 458,2025-07-03,2025-07-04,Social Media
5831,459,Campaign 459,2025-07-05,2025-07-06,Email
5832,460,Campaign 460,2025-07-07,2025-07-08,Social Media
5833,461,Campaign 461,2025-07-09,2025-07-10,SMS
5834,462,Campaign 462,2025-07-11,2025-07-12,Instagram
5835,463,Campaign 463,2025-07-13,2025-07-14,Email
5836,464,Campaign 464,2025-07-15,2025-07-16,Instagram
5837,465,Campaign 465,2025-07-17,2025-07-18,Facebook Ads
5838,466,Campaign 466,2025-07-19,2025-07-20,SMS
5839,467,Campaign 467,2025-07-21,2025-07-22,Instagram
5840,468,Campaign 468,2025-07-23,2025-07-24,Email
5841,469,Campaign 469,2025-07-25,2025-07-26,Google Ads
5842,470,Campaign 470,2025-07-27,2025-07-28,SMS
5843,471,Campaign 471,2025-07-29,2025-07-30,Email
5844,472,Campaign 472,2025-07-31,2025-08-01,Google Ads
5845,473,Campaign 473,2025-08-02,2025-08-03,Email
5846,474,Campaign 474,2025-08-04,2025-08-05,Social Media
5847,631,Campaign 631,2026-06-14,2026-06-15,Facebook Ads
5848,632,Campaign 632,2026-06-16,2026-06-17,Social Media
5849,633,Campaign 633,2026-06-18,2026-06-19,Instagram
5850,634,Campaign 634,2026-06-20,2026-06-21,Facebook Ads
5851,635,Campaign 635,2026-06-22,2026-06-23,Google Ads
5852,636,Campaign 636,2026-06-24,2026-06-25,Google Ads
5853,637,Campaign 637,2026-06-26,2026-06-27,Facebook Ads
5854,638,Campaign 638,2026-06-28,2026-06-29,Facebook Ads
5855,639,Campaign 639,2026-06-30,2026-07-01,Instagram
5856,640,Campaign 640,2026-07-02,2026-07-03,Email
5857,641,Campaign 641,2026-07-04,2026-07-05,Instagram
5858,642,Campaign 642,2026-07-06,2026-07-07,Social Media
5859,643,Campaign 643,2026-07-08,2026-07-09,Facebook Ads
5860,644,Campaign 644,2026-07-10,2026-07-11,Social Media
5861,645,Campaign 645,2026-07-12,2026-07-13,Social Media
5862,646,Campaign 646,2026-07-14,2026-07-15,Email
5863,647,Campaign 647,2026-07-16,2026-07-17,Instagram
5864,648,Campaign 648,2026-07-18,2026-07-19,SMS
5865,649,Campaign 649,2026-07-20,2026-07-21,Google Ads
5866,650,Campaign 650,2026-07-22,2026-07-23,Social Media
5867,651,Campaign 651,2026-07-24,2026-07-25,Social Media
5868,652,Campaign 652,2026-07-26,2026-07-27,Social Media
5869,653,Campaign 653,2026-07-28,2026-07-29,Social Media
5870,654,Campaign 654,2026-07-30,2026-07-31,Google Ads
5871,655,Campaign 655,2026-08-01,2026-08-02,Instagram
5872,656,Campaign 656,2026-08-03,2026-08-04,SMS
5873,657,Campaign 657,2026-08-05,2026-08-06,Email
5874,658,Campaign 658,2026-08-07,2026-08-08,SMS
5875,659,Campaign 659,2026-08-09,2026-08-10,Social Media
5876,660,Campaign 660,2026-08-11,2026-08-12,Facebook Ads
5877,661,Campaign 661,2026-08-13,2026-08-14,Google Ads
5878,662,Campaign 662,2026-08-15,2026-08-16,SMS
5879,663,Campaign 663,2026-08-17,2026-08-18,Email
5880,664,Campaign 664,2026-08-19,2026-08-20,Facebook Ads
5881,665,Campaign 665,2026-08-21,2026-08-22,SMS
5882,666,Campaign 666,2026-08-23,2026-08-24,Facebook Ads
5883,667,Campaign 667,2026-08-25,2026-08-26,Facebook Ads
5884,668,Campaign 668,2026-08-27,2026-08-28,Social Media
5885,669,Campaign 669,2026-08-29,2026-08-30,Instagram
5886,670,Campaign 670,2026-08-31,2026-09-01,Social Media
5887,671,Campaign 671,2026-09-02,2026-09-03,SMS
5888,672,Campaign 672,2026-09-04,2026-09-05,Facebook Ads
5889,673,Campaign 673,2026-09-06,2026-09-07,Email
5890,674,Campaign 674,2026-09-08,2026-09-09,Social Media
5891,675,Campaign 675,2026-09-10,2026-09-11,Email
5892,676,Campaign 676,2026-09-12,2026-09-13,Social Media
5893,677,Campaign 677,2026-09-14,2026-09-15,Instagram
5894,678,Campaign 678,2026-09-16,2026-09-17,Instagram
5895,679,Campaign 679,2026-09-18,2026-09-19,Social Media
5896,680,Campaign 680,2026-09-20,2026-09-21,Social Media
5897,681,Campaign 681,2026-09-22,2026-09-23,SMS
5898,682,Campaign 682,2026-09-24,2026-09-25,Instagram
5899,683,Campaign 683,2026-09-26,2026-09-27,Email
5900,684,Campaign 684,2026-09-28,2026-09-29,Instagram
5901,685,Campaign 685,2026-09-30,2026-10-01,Social Media
5902,686,Campaign 686,2026-10-02,2026-10-03,Email
5903,687,Campaign 687,2026-10-04,2026-10-05,Social Media
5904,688,Campaign 688,2026-10-06,2026-10-07,Google Ads
5905,689,Campaign 689,2026-10-08,2026-10-09,Social Media
5906,690,Campaign 690,2026-10-10,2026-10-11,Instagram
5907,691,Campaign 691,2026-10-12,2026-10-13,Facebook Ads
5908,692,Campaign 692,2026-10-14,2026-10-15,Instagram
5909,693,Campaign 693,2026-10-16,2026-10-17,Instagram
5910,694,Campaign 694,2026-10-18,2026-10-19,SMS
5911,695,Campaign 695,2026-10-20,2026-10-21,Email
5912,696,Campaign 696,2026-10-22,2026-10-23,SMS
5913,697,Campaign 697,2026-10-24,2026-10-25,SMS
5914,698,Campaign 698,2026-10-26,2026-10-27,SMS
5915,699,Campaign 699,2026-10-28,2026-10-29,Google Ads
5916,700,Campaign 700,2026-10-30,2026-10-31,Email
5917,701,Campaign 701,2026-11-01,2026-11-02,Social Media
5918,702,Campaign 702,2026-11-03,2026-11-04,Facebook Ads
5919,703,Campaign 703,2026-11-05,2026-11-06,Instagram
5920,704,Campaign 704,2026-11-07,2026-11-08,Facebook Ads
5921,705,Campaign 705,2026-11-09,2026-11-10,Facebook Ads
5922,706,Campaign 706,2026-11-11,2026-11-12,Social Media
5923,707,Campaign 707,2026-11-13,2026-11-14,Social Media
5924,708,Campaign 708,2026-11-15,2026-11-16,Facebook Ads
5925,709,Campaign 709,2026-11-17,2026-11-18,Instagram
5926,710,Campaign 710,2026-11-19,2026-11-20,Social Media
5927,711,Campaign 711,2026-11-21,2026-11-22,Instagram
5928,712,Campaign 712,2026-11-23,2026-11-24,Social Media
5929,713,Campaign 713,2026-11-25,2026-11-26,Instagram
5930,714,Campaign 714,2026-11-27,2026-11-28,SMS
5931,715,Campaign 715,2026-11-29,2026-11-30,Instagram
5932,716,Campaign 716,2026-12-01,2026-12-02,Google Ads
5933,717,Campaign 717,2026-12-03,2026-12-04,Social Media
5934,718,Campaign 718,2026-12-05,2026-12-06,SMS
5935,719,Campaign 719,2026-12-07,2026-12-08,SMS
5936,720,Campaign 720,2026-12-09,2026-12-10,Google Ads
5937,721,Campaign 721,2026-12-11,2026-12-12,Facebook Ads
5938,722,Campaign 722,2026-12-13,2026-12-14,Instagram
5939,723,Campaign 723,2026-12-15,2026-12-16,Instagram
5940,724,Campaign 724,2026-12-17,2026-12-18,Email
5941,725,Campaign 725,2026-12-19,2026-12-20,Social Media
5942,726,Campaign 726,2026-12-21,2026-12-22,Facebook Ads
5943,727,Campaign 727,2026-12-23,2026-12-24,Facebook Ads
5944,728,Campaign 728,2026-12-25,2026-12-26,Social Media
5945,729,Campaign 729,2026-12-27,2026-12-28,Email
5946,730,Campaign 730,2026-12-29,2026-12-30,Email
5947,731,Campaign 731,2026-12-31,2027-01-01,Social Media
5948,732,Campaign 732,2027-01-02,2027-01-03,Instagram
5949,733,Campaign 733,2027-01-04,2027-01-05,Instagram
5950,734,Campaign 734,2027-01-06,2027-01-07,SMS
5951,735,Campaign 735,2027-01-08,2027-01-09,Facebook Ads
5952,736,Campaign 736,2027-01-10,2027-01-11,Social Media
5953,737,Campaign 737,2027-01-12,2027-01-13,Instagram
5954,738,Campaign 738,2027-01-14,2027-01-15,Email
5955,739,Campaign 739,2027-01-16,2027-01-17,Social Media
5956,740,Campaign 740,2027-01-18,2027-01-19,Facebook Ads
5957,741,Campaign 741,2027-01-20,2027-01-21,Instagram
5958,742,Campaign 742,2027-01-22,2027-01-23,Instagram
5959,743,Campaign 743,2027-01-24,2027-01-25,Email
5960,744,Campaign 744,2027-01-26,2027-01-27,Instagram
5961,745,Campaign 745,2027-01-28,2027-01-29,Instagram
5962,746,Campaign 746,2027-01-30,2027-01-31,Email
5963,747,Campaign 747,2027-02-01,2027-02-02,Email
5964,748,Campaign 748,2027-02-03,2027-02-04,Facebook Ads
5965,749,Campaign 749,2027-02-05,2027-02-06,SMS
5966,750,Campaign 750,2027-02-07,2027-02-08,Social Media
5967,751,Campaign 751,2027-02-09,2027-02-10,Instagram
5968,752,Campaign 752,2027-02-11,2027-02-12,Instagram
5969,753,Campaign 753,2027-02-13,2027-02-14,Email
5970,754,Campaign 754,2027-02-15,2027-02-16,SMS
5971,755,Campaign 755,2027-02-17,2027-02-18,SMS
5972,756,Campaign 756,2027-02-19,2027-02-20,Facebook Ads
5973,757,Campaign 757,2027-02-21,2027-02-22,Instagram
5974,758,Campaign 758,2027-02-23,2027-02-24,Facebook Ads
5975,759,Campaign 759,2027-02-25,2027-02-26,Google Ads
5976,760,Campaign 760,2027-02-27,2027-02-28,Email
5977,761,Campaign 761,2027-03-01,2027-03-02,SMS
5978,762,Campaign 762,2027-03-03,2027-03-04,Instagram
5979,763,Campaign 763,2027-03-05,2027-03-06,Facebook Ads
5980,764,Campaign 764,2027-03-07,2027-03-08,Social Media
5981,765,Campaign 765,2027-03-09,2027-03-10,Facebook Ads
5982,766,Campaign 766,2027-03-11,2027-03-12,Facebook Ads
5983,767,Campaign 767,2027-03-13,2027-03-14,Google Ads
5984,768,Campaign 768,2027-03-15,2027-03-16,Instagram
5985,769,Campaign 769,2027-03-17,2027-03-18,SMS
5986,770,Campaign 770,2027-03-19,2027-03-20,SMS
5987,771,Campaign 771,2027-03-21,2027-03-22,Instagram
5988,772,Campaign 772,2027-03-23,2027-03-24,Email
5989,773,Campaign 773,2027-03-25,2027-03-26,Facebook Ads
5990,774,Campaign 774,2027-03-27,2027-03-28,Social Media
5991,775,Campaign 775,2027-03-29,2027-03-30,Google Ads
5992,776,Campaign 776,2027-03-31,2027-04-01,Facebook Ads
5993,777,Campaign 777,2027-04-02,2027-04-03,Social Media
5994,778,Campaign 778,2027-04-04,2027-04-05,Email
5995,779,Campaign 779,2027-04-06,2027-04-07,Google Ads
5996,780,Campaign 780,2027-04-08,2027-04-09,Instagram
5997,781,Campaign 781,2027-04-10,2027-04-11,Instagram
5998,782,Campaign 782,2027-04-12,2027-04-13,Facebook Ads
5999,783,Campaign 783,2027-04-14,2027-04-15,Google Ads
6000,784,Campaign 784,2027-04-16,2027-04-17,Social Media
