campaign_id,campaign_name,start_date,end_date,channel
1,Campaign 1,2023-01-01,2023-01-02,Facebook Ads
2,Campaign 2,2023-01-03,2023-01-04,Facebook Ads
3,Campaign 3,2023-01-05,2023-01-06,Google Ads
4,Campaign 4,2023-01-07,2023-01-08,Email
5,Campaign 5,2023-01-09,2023-01-10,Facebook Ads
6,Campaign 6,2023-01-11,2023-01-12,SMS
7,Campaign 7,2023-01-13,2023-01-14,SMS
8,Campaign 8,2023-01-15,2023-01-16,Email
9,Campaign 9,2023-01-17,2023-01-18,Email
10,Campaign 10,2023-01-19,2023-01-20,Facebook Ads
11,Campaign 11,2023-01-21,2023-01-22,Facebook Ads
12,Campaign 12,2023-01-23,2023-01-24,Email
13,Campaign 13,2023-01-25,2023-01-26,Instagram
14,Campaign 14,2023-01-27,2023-01-28,Instagram
15,Campaign 15,2023-01-29,2023-01-30,Email
16,Campaign 16,2023-01-31,2023-02-01,Email
17,Campaign 17,2023-02-02,2023-02-03,Instagram
18,Campaign 18,2023-02-04,2023-02-05,Instagram
19,Campaign 19,2023-02-06,2023-02-07,SMS
20,Campaign 20,2023-02-08,2023-02-09,Google Ads
21,Campaign 21,2023-02-10,2023-02-11,Instagram
22,Campaign 22,2023-02-12,2023-02-13,Instagram
23,Campaign 23,2023-02-14,2023-02-15,Social Media
24,Campaign 24,2023-02-16,2023-02-17,SMS
25,Campaign 25,2023-02-18,2023-02-19,SMS
26,Campaign 26,2023-02-20,2023-02-21,Facebook Ads
27,Campaign 27,2023-02-22,2023-02-23,Google Ads
28,Campaign 28,2023-02-24,2023-02-25,Google Ads
29,Campaign 29,2023-02-26,2023-02-27,Email
30,Campaign 30,2023-02-28,2023-03-01,Social Media
31,Campaign 31,2023-03-02,2023-03-03,Facebook Ads
32,Campaign 32,2023-03-04,2023-03-05,Google Ads
33,Campaign 33,2023-03-06,2023-03-07,Instagram
34,Campaign 34,2023-03-08,2023-03-09,Instagram
35,Campaign 35,2023-03-10,2023-03-11,Instagram
36,Campaign 36,2023-03-12,2023-03-13,Facebook Ads
37,Campaign 37,2023-03-14,2023-03-15,SMS
38,Campaign 38,2023-03-16,2023-03-17,SMS
39,Campaign 39,2023-03-18,2023-03-19,Google Ads
40,Campaign 40,2023-03-20,2023-03-21,SMS
41,Campaign 41,2023-03-22,2023-03-23,Facebook Ads
42,Campaign 42,2023-03-24,2023-03-25,Email
43,Campaign 43,2023-03-26,2023-03-27,Email
44,Campaign 44,2023-03-28,2023-03-29,SMS
45,Campaign 45,2023-03-30,2023-03-31,Social Media
46,Campaign 46,2023-04-01,2023-04-02,Email
47,Campaign 47,2023-04-03,2023-04-04,Google Ads
48,Campaign 48,2023-04-05,2023-04-06,Google Ads
49,Campaign 49,2023-04-07,2023-04-08,SMS
50,Campaign 50,2023-04-09,2023-04-10,Google Ads
51,Campaign 51,2023-04-11,2023-04-12,Instagram
52,Campaign 52,2023-04-13,2023-04-14,Instagram
53,Campaign 53,2023-04-15,2023-04-16,Google Ads
54,Campaign 54,2023-04-17,2023-04-18,SMS
55,Campaign 55,2023-04-19,2023-04-20,Email
56,Campaign 56,2023-04-21,2023-04-22,Email
57,Campaign 57,2023-04-23,2023-04-24,Social Media
58,Campaign 58,2023-04-25,2023-04-26,Facebook Ads
59,Campaign 59,2023-04-27,2023-04-28,Social Media
60,Campaign 60,2023-04-29,2023-04-30,SMS
61,Campaign 61,2023-05-01,2023-05-02,SMS
62,Campaign 62,2023-05-03,2023-05-04,SMS
63,Campaign 63,2023-05-05,2023-05-06,Facebook Ads
64,Campaign 64,2023-05-07,2023-05-08,Email
65,Campaign 65,2023-05-09,2023-05-10,Google Ads
66,Campaign 66,2023-05-11,2023-05-12,Instagram
67,Campaign 67,2023-05-13,2023-05-14,Social Media
68,Campaign 68,2023-05-15,2023-05-16,Social Media
69,Campaign 69,2023-05-17,2023-05-18,Email
70,Campaign 70,2023-05-19,2023-05-20,Facebook Ads
71,Campaign 71,2023-05-21,2023-05-22,Social Media
72,Campaign 72,2023-05-23,2023-05-24,Facebook Ads
73,Campaign 73,2023-05-25,2023-05-26,Social Media
74,Campaign 74,2023-05-27,2023-05-28,SMS
75,Campaign 75,2023-05-29,2023-05-30,Google Ads
76,Campaign 76,2023-05-31,2023-06-01,Email
77,Campaign 77,2023-06-02,2023-06-03,Facebook Ads
78,Campaign 78,2023-06-04,2023-06-05,Email
79,Campaign 79,2023-06-06,2023-06-07,SMS
80,Campaign 80,2023-06-08,2023-06-09,SMS
81,Campaign 81,2023-06-10,2023-06-11,Instagram
82,Campaign 82,2023-06-12,2023-06-13,Email
83,Campaign 83,2023-06-14,2023-06-15,Facebook Ads
84,Campaign 84,2023-06-16,2023-06-17,Facebook Ads
85,Campaign 85,2023-06-18,2023-06-19,SMS
86,Campaign 86,2023-06-20,2023-06-21,Instagram
87,Campaign 87,2023-06-22,2023-06-23,Instagram
88,Campaign 88,2023-06-24,2023-06-25,Social Media
89,Campaign 89,2023-06-26,2023-06-27,Facebook Ads
90,Campaign 90,2023-06-28,2023-06-29,Email
91,Campaign 91,2023-06-30,2023-07-01,Instagram
92,Campaign 92,2023-07-02,2023-07-03,SMS
93,Campaign 93,2023-07-04,2023-07-05,Email
94,Campaign 94,2023-07-06,2023-07-07,Instagram
95,Campaign 95,2023-07-08,2023-07-09,Facebook Ads
96,Campaign 96,2023-07-10,2023-07-11,Instagram
97,Campaign 97,2023-07-12,2023-07-13,Facebook Ads
98,Campaign 98,2023-07-14,2023-07-15,Instagram
99,Campaign 99,2023-07-16,2023-07-17,Social Media
100,Campaign 100,2023-07-18,2023-07-19,SMS
101,Campaign 101,2023-07-20,2023-07-21,Instagram
102,Campaign 102,2023-07-22,2023-07-23,Social Media
103,Campaign 103,2023-07-24,2023-07-25,SMS
104,Campaign 104,2023-07-26,2023-07-27,Social Media
105,Campaign 105,2023-07-28,2023-07-29,Email
106,Campaign 106,2023-07-30,2023-07-31,Facebook Ads
107,Campaign 107,2023-08-01,2023-08-02,SMS
108,Campaign 108,2023-08-03,2023-08-04,Instagram
109,Campaign 109,2023-08-05,2023-08-06,Instagram
110,Campaign 110,2023-08-07,2023-08-08,Google Ads
111,Campaign 111,2023-08-09,2023-08-10,Instagram
112,Campaign 112,2023-08-11,2023-08-12,Facebook Ads
113,Campaign 113,2023-08-13,2023-08-14,Facebook Ads
114,Campaign 114,2023-08-15,2023-08-16,Instagram
115,Campaign 115,2023-08-17,2023-08-18,SMS
116,Campaign 116,2023-08-19,2023-08-20,Social Media
117,Campaign 117,2023-08-21,2023-08-22,Google Ads
118,Campaign 118,2023-08-23,2023-08-24,Facebook Ads
119,Campaign 119,2023-08-25,2023-08-26,Google Ads
120,Campaign 120,2023-08-27,2023-08-28,Google Ads
121,Campaign 121,2023-08-29,2023-08-30,Facebook Ads
122,Campaign 122,2023-08-31,2023-09-01,Social Media
123,Campaign 123,2023-09-02,2023-09-03,Social Media
124,Campaign 124,2023-09-04,2023-09-05,Facebook Ads
125,Campaign 125,2023-09-06,2023-09-07,Instagram
126,Campaign 126,2023-09-08,2023-09-09,SMS
127,Campaign 127,2023-09-10,2023-09-11,SMS
128,Campaign 128,2023-09-12,2023-09-13,Instagram
129,Campaign 129,2023-09-14,2023-09-15,Google Ads
130,Campaign 130,2023-09-16,2023-09-17,SMS
131,Campaign 131,2023-09-18,2023-09-19,Instagram
132,Campaign 132,2023-09-20,2023-09-21,Google Ads
133,Campaign 133,2023-09-22,2023-09-23,SMS
134,Campaign 134,2023-09-24,2023-09-25,SMS
135,Campaign 135,2023-09-26,2023-09-27,Instagram
136,Campaign 136,2023-09-28,2023-09-29,SMS
137,Campaign 137,2023-09-30,2023-10-01,Social Media
138,Campaign 138,2023-10-02,2023-10-03,Social Media
139,Campaign 139,2023-10-04,2023-10-05,Social Media
140,Campaign 140,2023-10-06,2023-10-07,Instagram
141,Campaign 141,2023-10-08,2023-10-09,SMS
142,Campaign 142,2023-10-10,2023-10-11,Google Ads
143,Campaign 143,2023-10-12,2023-10-13,SMS
144,Campaign 144,2023-10-14,2023-10-15,Google Ads
145,Campaign 145,2023-10-16,2023-10-17,SMS
146,Campaign 146,2023-10-18,2023-10-19,Social Media
147,Campaign 147,2023-10-20,2023-10-21,SMS
148,Campaign 148,2023-10-22,2023-10-23,SMS
149,Campaign 149,2023-10-24,2023-10-25,Social Media
150,Campaign 150,2023-10-26,2023-10-27,Instagram
151,Campaign 151,2023-10-28,2023-10-29,Instagram
152,Campaign 152,2023-10-30,2023-10-31,SMS
153,Campaign 153,2023-11-01,2023-11-02,SMS
154,Campaign 154,2023-11-03,2023-11-04,Google Ads
155,Campaign 155,2023-11-05,2023-11-06,SMS
156,Campaign 156,2023-11-07,2023-11-08,Email
157,Campaign 157,2023-11-09,2023-11-10,Google Ads
158,Campaign 158,2023-11-11,2023-11-12,Instagram
159,Campaign 159,2023-11-13,2023-11-14,Facebook Ads
160,Campaign 160,2023-11-15,2023-11-16,Instagram
161,Campaign 161,2023-11-17,2023-11-18,Instagram
162,Campaign 162,2023-11-19,2023-11-20,SMS
163,Campaign 163,2023-11-21,2023-11-22,SMS
164,Campaign 164,2023-11-23,2023-11-24,Facebook Ads
165,Campaign 165,2023-11-25,2023-11-26,SMS
166,Campaign 166,2023-11-27,2023-11-28,SMS
167,Campaign 167,2023-11-29,2023-11-30,Instagram
168,Campaign 168,2023-12-01,2023-12-02,Google Ads
169,Campaign 169,2023-12-03,2023-12-04,Facebook Ads
170,Campaign 170,2023-12-05,2023-12-06,Email
171,Campaign 171,2023-12-07,2023-12-08,Instagram
172,Campaign 172,2023-12-09,2023-12-10,Email
173,Campaign 173,2023-12-11,2023-12-12,Email
174,Campaign 174,2023-12-13,2023-12-14,Facebook Ads
175,Campaign 175,2023-12-15,2023-12-16,Social Media
176,Campaign 176,2023-12-17,2023-12-18,Email
177,Campaign 177,2023-12-19,2023-12-20,SMS
178,Campaign 178,2023-12-21,2023-12-22,Email
179,Campaign 179,2023-12-23,2023-12-24,Social Media
180,Campaign 180,2023-12-25,2023-12-26,Google Ads
181,Campaign 181,2023-12-27,2023-12-28,Social Media
182,Campaign 182,2023-12-29,2023-12-30,Google Ads
183,Campaign 183,2023-12-31,2024-01-01,SMS
184,Campaign 184,2024-01-02,2024-01-03,Google Ads
185,Campaign 185,2024-01-04,2024-01-05,Social Media
186,Campaign 186,2024-01-06,2024-01-07,Email
187,Campaign 187,2024-01-08,2024-01-09,SMS
188,Campaign 188,2024-01-10,2024-01-11,Google Ads
189,Campaign 189,2024-01-12,2024-01-13,Social Media
190,Campaign 190,2024-01-14,2024-01-15,Instagram
191,Campaign 191,2024-01-16,2024-01-17,Email
192,Campaign 192,2024-01-18,2024-01-19,Google Ads
193,Campaign 193,2024-01-20,2024-01-21,Facebook Ads
194,Campaign 194,2024-01-22,2024-01-23,Email
195,Campaign 195,2024-01-24,2024-01-25,Instagram
196,Campaign 196,2024-01-26,2024-01-27,SMS
197,Campaign 197,2024-01-28,2024-01-29,SMS
198,Campaign 198,2024-01-30,2024-01-31,Instagram
199,Campaign 199,2024-02-01,2024-02-02,Social Media
200,Campaign 200,2024-02-03,2024-02-04,SMS
201,Campaign 201,2024-02-05,2024-02-06,SMS
202,Campaign 202,2024-02-07,2024-02-08,Instagram
203,Campaign 203,2024-02-09,2024-02-10,Facebook Ads
204,Campaign 204,2024-02-11,2024-02-12,Social Media
205,Campaign 205,2024-02-13,2024-02-14,Instagram
206,Campaign 206,2024-02-15,2024-02-16,SMS
207,Campaign 207,2024-02-17,2024-02-18,Google Ads
208,Campaign 208,2024-02-19,2024-02-20,SMS
209,Campaign 209,2024-02-21,2024-02-22,SMS
210,Campaign 210,2024-02-23,2024-02-24,Email
211,Campaign 211,2024-02-25,2024-02-26,Facebook Ads
212,Campaign 212,2024-02-27,2024-02-28,Facebook Ads
213,Campaign 213,2024-02-29,2024-03-01,Facebook Ads
214,Campaign 214,2024-03-02,2024-03-03,SMS
215,Campaign 215,2024-03-04,2024-03-05,Google Ads
216,Campaign 216,2024-03-06,2024-03-07,Instagram
217,Campaign 217,2024-03-08,2024-03-09,Email
218,Campaign 218,2024-03-10,2024-03-11,Email
219,Campaign 219,2024-03-12,2024-03-13,SMS
220,Campaign 220,2024-03-14,2024-03-15,Google Ads
221,Campaign 221,2024-03-16,2024-03-17,Social Media
222,Campaign 222,2024-03-18,2024-03-19,Instagram
223,Campaign 223,2024-03-20,2024-03-21,Facebook Ads
224,Campaign 224,2024-03-22,2024-03-23,Social Media
225,Campaign 225,2024-03-24,2024-03-25,SMS
226,Campaign 226,2024-03-26,2024-03-27,SMS
227,Campaign 227,2024-03-28,2024-03-29,SMS
228,Campaign 228,2024-03-30,2024-03-31,SMS
229,Campaign 229,2024-04-01,2024-04-02,Google Ads
230,Campaign 230,2024-04-03,2024-04-04,Instagram
231,Campaign 231,2024-04-05,2024-04-06,Instagram
232,Campaign 232,2024-04-07,2024-04-08,SMS
233,Campaign 233,2024-04-09,2024-04-10,Instagram
234,Campaign 234,2024-04-11,2024-04-12,Social Media
235,Campaign 235,2024-04-13,2024-04-14,SMS
236,Campaign 236,2024-04-15,2024-04-16,Social Media
237,Campaign 237,2024-04-17,2024-04-18,Google Ads
238,Campaign 238,2024-04-19,2024-04-20,Facebook Ads
239,Campaign 239,2024-04-21,2024-04-22,Social Media
240,Campaign 240,2024-04-23,2024-04-24,SMS
241,Campaign 241,2024-04-25,2024-04-26,Email
242,Campaign 242,2024-04-27,2024-04-28,Social Media
243,Campaign 243,2024-04-29,2024-04-30,Social Media
244,Campaign 244,2024-05-01,2024-05-02,SMS
245,Campaign 245,2024-05-03,2024-05-04,Instagram
246,Campaign 246,2024-05-05,2024-05-06,Email
247,Campaign 247,2024-05-07,2024-05-08,Facebook Ads
248,Campaign 248,2024-05-09,2024-05-10,Email
249,Campaign 249,2024-05-11,2024-05-12,Facebook Ads
250,Campaign 250,2024-05-13,2024-05-14,Google Ads
251,Campaign 251,2024-05-15,2024-05-16,Instagram
252,Campaign 252,2024-05-17,2024-05-18,Google Ads
253,Campaign 253,2024-05-19,2024-05-20,Social Media
254,Campaign 254,2024-05-21,2024-05-22,Social Media
255,Campaign 255,2024-05-23,2024-05-24,Instagram
256,Campaign 256,2024-05-25,2024-05-26,Google Ads
257,Campaign 257,2024-05-27,2024-05-28,Email
258,Campaign 258,2024-05-29,2024-05-30,Google Ads
259,Campaign 259,2024-05-31,2024-06-01,Facebook Ads
260,Campaign 260,2024-06-02,2024-06-03,SMS
261,Campaign 261,2024-06-04,2024-06-05,Social Media
262,Campaign 262,2024-06-06,2024-06-07,Email
263,Campaign 263,2024-06-08,2024-06-09,Social Media
264,Campaign 264,2024-06-10,2024-06-11,Google Ads
265,Campaign 265,2024-06-12,2024-06-13,Instagram
266,Campaign 266,2024-06-14,2024-06-15,Email
267,Campaign 267,2024-06-16,2024-06-17,SMS
268,Campaign 268,2024-06-18,2024-06-19,Instagram
269,Campaign 269,2024-06-20,2024-06-21,SMS
270,Campaign 270,2024-06-22,2024-06-23,Google Ads
271,Campaign 271,2024-06-24,2024-06-25,Facebook Ads
272,Campaign 272,2024-06-26,2024-06-27,Instagram
273,Campaign 273,2024-06-28,2024-06-29,Instagram
274,Campaign 274,2024-06-30,2024-07-01,Google Ads
275,Campaign 275,2024-07-02,2024-07-03,Email
276,Campaign 276,2024-07-04,2024-07-05,SMS
277,Campaign 277,2024-07-06,2024-07-07,Google Ads
278,Campaign 278,2024-07-08,2024-07-09,Instagram
279,Campaign 279,2024-07-10,2024-07-11,Social Media
280,Campaign 280,2024-07-12,2024-07-13,Social Media
281,Campaign 281,2024-07-14,2024-07-15,Instagram
282,Campaign 282,2024-07-16,2024-07-17,Email
283,Campaign 283,2024-07-18,2024-07-19,Instagram
284,Campaign 284,2024-07-20,2024-07-21,Social Media
285,Campaign 285,2024-07-22,2024-07-23,Facebook Ads
286,Campaign 286,2024-07-24,2024-07-25,Instagram
287,Campaign 287,2024-07-26,2024-07-27,Instagram
288,Campaign 288,2024-07-28,2024-07-29,Facebook Ads
289,Campaign 289,2024-07-30,2024-07-31,Email
290,Campaign 290,2024-08-01,2024-08-02,Google Ads
291,Campaign 291,2024-08-03,2024-08-04,Social Media
292,Campaign 292,2024-08-05,2024-08-06,Social Media
293,Campaign 293,2024-08-07,2024-08-08,SMS
294,Campaign 294,2024-08-09,2024-08-10,Google Ads
295,Campaign 295,2024-08-11,2024-08-12,Google Ads
296,Campaign 296,2024-08-13,2024-08-14,Google Ads
297,Campaign 297,2024-08-15,2024-08-16,Google Ads
298,Campaign 298,2024-08-17,2024-08-18,Social Media
299,Campaign 299,2024-08-19,2024-08-20,Instagram
300,Campaign 300,2024-08-21,2024-08-22,Instagram
301,Campaign 301,2024-08-23,2024-08-24,Facebook Ads
302,Campaign 302,2024-08-25,2024-08-26,Instagram
303,Campaign 303,2024-08-27,2024-08-28,SMS
304,Campaign 304,2024-08-29,2024-08-30,Email
305,Campaign 305,2024-08-31,2024-09-01,Email
306,Campaign 306,2024-09-02,2024-09-03,SMS
307,Campaign 307,2024-09-04,2024-09-05,Google Ads
308,Campaign 308,2024-09-06,2024-09-07,Facebook Ads
309,Campaign 309,2024-09-08,2024-09-09,Social Media
310,Campaign 310,2024-09-10,2024-09-11,SMS
311,Campaign 311,2024-09-12,2024-09-13,Instagram
312,Campaign 312,2024-09-14,2024-09-15,Instagram
313,Campaign 313,2024-09-16,2024-09-17,Social Media
314,Campaign 314,2024-09-18,2024-09-19,Email
315,Campaign 315,2024-09-20,2024-09-21,SMS
316,Campaign 316,2024-09-22,2024-09-23,Google Ads
317,Campaign 317,2024-09-24,2024-09-25,Facebook Ads
318,Campaign 318,2024-09-26,2024-09-27,Email
319,Campaign 319,2024-09-28,2024-09-29,Facebook Ads
320,Campaign 320,2024-09-30,2024-10-01,Google Ads
321,Campaign 321,2024-10-02,2024-10-03,Instagram
322,Campaign 322,2024-10-04,2024-10-05,SMS
323,Campaign 323,2024-10-06,2024-10-07,Google Ads
324,Campaign 324,2024-10-08,2024-10-09,Email
325,Campaign 325,2024-10-10,2024-10-11,Instagram
326,Campaign 326,2024-10-12,2024-10-13,Google Ads
327,Campaign 327,2024-10-14,2024-10-15,Instagram
328,Campaign 328,2024-10-16,2024-10-17,Instagram
329,Campaign 329,2024-10-18,2024-10-19,Facebook Ads
330,Campaign 330,2024-10-20,2024-10-21,Facebook Ads
331,Campaign 331,2024-10-22,2024-10-23,Email
332,Campaign 332,2024-10-24,2024-10-25,Google Ads
333,Campaign 333,2024-10-26,2024-10-27,SMS
334,Campaign 334,2024-10-28,2024-10-29,Social Media
335,Campaign 335,2024-10-30,2024-10-31,Google Ads
336,Campaign 336,2024-11-01,2024-11-02,Instagram
337,Campaign 337,2024-11-03,2024-11-04,Email
338,Campaign 338,2024-11-05,2024-11-06,Email
339,Campaign 339,2024-11-07,2024-11-08,Social Media
340,Campaign 340,2024-11-09,2024-11-10,Instagram
341,Campaign 341,2024-11-11,2024-11-12,Instagram
342,Campaign 342,2024-11-13,2024-11-14,Email
343,Campaign 343,2024-11-15,2024-11-16,SMS
344,Campaign 344,2024-11-17,2024-11-18,Email
345,Campaign 345,2024-11-19,2024-11-20,Social Media
346,Campaign 346,2024-11-21,2024-11-22,SMS
347,Campaign 347,2024-11-23,2024-11-24,SMS
348,Campaign 348,2024-11-25,2024-11-26,Social Media
349,Campaign 349,2024-11-27,2024-11-28,SMS
350,Campaign 350,2024-11-29,2024-11-30,Facebook Ads
351,Campaign 351,2024-12-01,2024-12-02,Email
352,Campaign 352,2024-12-03,2024-12-04,Social Media
353,Campaign 353,2024-12-05,2024-12-06,Instagram
354,Campaign 354,2024-12-07,2024-12-08,SMS
355,Campaign 355,2024-12-09,2024-12-10,SMS
356,Campaign 356,2024-12-11,2024-12-12,Facebook Ads
357,Campaign 357,2024-12-13,2024-12-14,SMS
358,Campaign 358,2024-12-15,2024-12-16,Email
359,Campaign 359,2024-12-17,2024-12-18,SMS
360,Campaign 360,2024-12-19,2024-12-20,SMS
361,Campaign 361,2024-12-21,2024-12-22,Social Media
362,Campaign 362,2024-12-23,2024-12-24,Email
363,Campaign 363,2024-12-25,2024-12-26,Facebook Ads
364,Campaign 364,2024-12-27,2024-12-28,SMS
365,Campaign 365,2024-12-29,2024-12-30,Google Ads
366,Campaign 366,2024-12-31,2025-01-01,Email
367,Campaign 367,2025-01-02,2025-01-03,Email
368,Campaign 368,2025-01-04,2025-01-05,Email
369,Campaign 369,2025-01-06,2025-01-07,Email
370,Campaign 370,2025-01-08,2025-01-09,Social Media
371,Campaign 371,2025-01-10,2025-01-11,Google Ads
372,Campaign 372,2025-01-12,2025-01-13,Instagram
373,Campaign 373,2025-01-14,2025-01-15,Email
374,Campaign 374,2025-01-16,2025-01-17,Instagram
375,Campaign 375,2025-01-18,2025-01-19,Social Media
376,Campaign 376,2025-01-20,2025-01-21,Google Ads
377,Campaign 377,2025-01-22,2025-01-23,Facebook Ads
378,Campaign 378,2025-01-24,2025-01-25,Facebook Ads
379,Campaign 379,2025-01-26,2025-01-27,Facebook Ads
380,Campaign 380,2025-01-28,2025-01-29,SMS
381,Campaign 381,2025-01-30,2025-01-31,Facebook Ads
382,Campaign 382,2025-02-01,2025-02-02,Facebook Ads
383,Campaign 383,2025-02-03,2025-02-04,Google Ads
384,Campaign 384,2025-02-05,2025-02-06,Email
385,Campaign 385,2025-02-07,2025-02-08,Facebook Ads
386,Campaign 386,2025-02-09,2025-02-10,SMS
387,Campaign 387,2025-02-11,2025-02-12,Email
388,Campaign 388,2025-02-13,2025-02-14,Instagram
389,Campaign 389,2025-02-15,2025-02-16,Email
390,Campaign 390,2025-02-17,2025-02-18,SMS
391,Campaign 391,2025-02-19,2025-02-20,SMS
392,Campaign 392,2025-02-21,2025-02-22,Instagram
393,Campaign 393,2025-02-23,2025-02-24,Email
394,Campaign 394,2025-02-25,2025-02-26,SMS
395,Campaign 395,2025-02-27,2025-02-28,Instagram
396,Campaign 396,2025-03-01,2025-03-02,Email
397,Campaign 397,2025-03-03,2025-03-04,SMS
398,Campaign 398,2025-03-05,2025-03-06,Email
399,Campaign 399,2025-03-07,2025-03-08,Google Ads
400,Campaign 400,2025-03-09,2025-03-10,Instagram
401,Campaign 401,2025-03-11,2025-03-12,Email
402,Campaign 402,2025-03-13,2025-03-14,Google Ads
403,Campaign 403,2025-03-15,2025-03-16,SMS
404,Campaign 404,2025-03-17,2025-03-18,Google Ads
405,Campaign 405,2025-03-19,2025-03-20,Instagram
406,Campaign 406,2025-03-21,2025-03-22,Email
407,Campaign 407,2025-03-23,2025-03-24,Google Ads
408,Campaign 408,2025-03-25,2025-03-26,Facebook Ads
409,Campaign 409,2025-03-27,2025-03-28,Facebook Ads
410,Campaign 410,2025-03-29,2025-03-30,Facebook Ads
411,Campaign 411,2025-03-31,2025-04-01,SMS
412,Campaign 412,2025-04-02,2025-04-03,Email
413,Campaign 413,2025-04-04,2025-04-05,Facebook Ads
414,Campaign 414,2025-04-06,2025-04-07,Social Media
415,Campaign 415,2025-04-08,2025-04-09,Instagram
416,Campaign 416,2025-04-10,2025-04-11,Social Media
417,Campaign 417,2025-04-12,2025-04-13,Social Media
418,Campaign 418,2025-04-14,2025-04-15,SMS
419,Campaign 419,2025-04-16,2025-04-17,Facebook Ads
420,Campaign 420,2025-04-18,2025-04-19,Instagram
421,Campaign 421,2025-04-20,2025-04-21,Google Ads
422,Campaign 422,2025-04-22,2025-04-23,SMS
423,Campaign 423,2025-04-24,2025-04-25,Social Media
424,Campaign 424,2025-04-26,2025-04-27,Google Ads
425,Campaign 425,2025-04-28,2025-04-29,SMS
426,Campaign 426,2025-04-30,2025-05-01,SMS
427,Campaign 427,2025-05-02,2025-05-03,SMS
428,Campaign 428,2025-05-04,2025-05-05,Google Ads
429,Campaign 429,2025-05-06,2025-05-07,Email
430,Campaign 430,2025-05-08,2025-05-09,Instagram
431,Campaign 431,2025-05-10,2025-05-11,Instagram
432,Campaign 432,2025-05-12,2025-05-13,Social Media
433,Campaign 433,2025-05-14,2025-05-15,Email
434,Campaign 434,2025-05-16,2025-05-17,Email
435,Campaign 435,2025-05-18,2025-05-19,Email
436,Campaign 436,2025-05-20,2025-05-21,Instagram
437,Campaign 437,2025-05-22,2025-05-23,Instagram
438,Campaign 438,2025-05-24,2025-05-25,Facebook Ads
439,Campaign 439,2025-05-26,2025-05-27,Instagram
440,Campaign 440,2025-05-28,2025-05-29,Instagram
441,Campaign 441,2025-05-30,2025-05-31,Email
442,Campaign 442,2025-06-01,2025-06-02,Google Ads
443,Campaign 443,2025-06-03,2025-06-04,Social Media
444,Campaign 444,2025-06-05,2025-06-06,SMS
445,Campaign 445,2025-06-07,2025-06-08,SMS
446,Campaign 446,2025-06-09,2025-06-10,SMS
447,Campaign 447,2025-06-11,2025-06-12,Google Ads
448,Campaign 448,2025-06-13,2025-06-14,Social Media
449,Campaign 449,2025-06-15,2025-06-16,Facebook Ads
450,Campaign 450,2025-06-17,2025-06-18,SMS
451,Campaign 451,2025-06-19,2025-06-20,Instagram
452,Campaign 452,2025-06-21,2025-06-22,Social Media
453,Campaign 453,2025-06-23,2025-06-24,Social Media
454,Campaign 454,2025-06-25,2025-06-26,Social Media
455,Campaign 455,2025-06-27,2025-06-28,Social Media
456,Campaign 456,2025-06-29,2025-06-30,Instagram
457,Campaign 457,2025-07-01,2025-07-02,Google Ads
458,Campaign 458,2025-07-03,2025-07-04,Social Media
459,Campaign 459,2025-07-05,2025-07-06,Email
460,Campaign 460,2025-07-07,2025-07-08,Social Media
461,Campaign 461,2025-07-09,2025-07-10,SMS
462,Campaign 462,2025-07-11,2025-07-12,Instagram
463,Campaign 463,2025-07-13,2025-07-14,Email
464,Campaign 464,2025-07-15,2025-07-16,Instagram
465,Campaign 465,2025-07-17,2025-07-18,Facebook Ads
466,Campaign 466,2025-07-19,2025-07-20,SMS
467,Campaign 467,2025-07-21,2025-07-22,Instagram
468,Campaign 468,2025-07-23,2025-07-24,Email
469,Campaign 469,2025-07-25,2025-07-26,Google Ads
470,Campaign 470,2025-07-27,2025-07-28,SMS
471,Campaign 471,2025-07-29,2025-07-30,Email
472,Campaign 472,2025-07-31,2025-08-01,Google Ads
473,Campaign 473,2025-08-02,2025-08-03,Email
474,Campaign 474,2025-08-04,2025-08-05,Social Media
475,Campaign 475,2025-08-06,2025-08-07,SMS
476,Campaign 476,2025-08-08,2025-08-09,Instagram
477,Campaign 477,2025-08-10,2025-08-11,Facebook Ads
478,Campaign 478,2025-08-12,2025-08-13,Google Ads
479,Campaign 479,2025-08-14,2025-08-15,Google Ads
480,Campaign 480,2025-08-16,2025-08-17,Social Media
481,Campaign 481,2025-08-18,2025-08-19,SMS
482,Campaign 482,2025-08-20,2025-08-21,SMS
483,Campaign 483,2025-08-22,2025-08-23,Social Media
484,Campaign 484,2025-08-24,2025-08-25,Email
485,Campaign 485,2025-08-26,2025-08-27,Google Ads
486,Campaign 486,2025-08-28,2025-08-29,Instagram
487,Campaign 487,2025-08-30,2025-08-31,Email
488,Campaign 488,2025-09-01,2025-09-02,Social Media
489,Campaign 489,2025-09-03,2025-09-04,Google Ads
490,Campaign 490,2025-09-05,2025-09-06,Facebook Ads
491,Campaign 491,2025-09-07,2025-09-08,Facebook Ads
492,Campaign 492,2025-09-09,2025-09-10,Google Ads
493,Campaign 493,2025-09-11,2025-09-12,Instagram
494,Campaign 494,2025-09-13,2025-09-14,SMS
495,Campaign 495,2025-09-15,2025-09-16,Google Ads
496,Campaign 496,2025-09-17,2025-09-18,SMS
497,Campaign 497,2025-09-19,2025-09-20,Instagram
498,Campaign 498,2025-09-21,2025-09-22,Social Media
499,Campaign 499,2025-09-23,2025-09-24,Instagram
500,Campaign 500,2025-09-25,2025-09-26,Instagram
501,Campaign 501,2025-09-27,2025-09-28,Google Ads
502,Campaign 502,2025-09-29,2025-09-30,Google Ads
503,Campaign 503,2025-10-01,2025-10-02,Facebook Ads
504,Campaign 504,2025-10-03,2025-10-04,Social Media
505,Campaign 505,2025-10-05,2025-10-06,Email
506,Campaign 506,2025-10-07,2025-10-08,Google Ads
507,Campaign 507,2025-10-09,2025-10-10,Social Media
508,Campaign 508,2025-10-11,2025-10-12,Social Media
509,Campaign 509,2025-10-13,2025-10-14,SMS
510,Campaign 510,2025-10-15,2025-10-16,SMS
511,Campaign 511,2025-10-17,2025-10-18,SMS
512,Campaign 512,2025-10-19,2025-10-20,Facebook Ads
513,Campaign 513,2025-10-21,2025-10-22,Google Ads
514,Campaign 514,2025-10-23,2025-10-24,Google Ads
515,Campaign 515,2025-10-25,2025-10-26,Social Media
516,Campaign 516,2025-10-27,2025-10-28,SMS
517,Campaign 517,2025-10-29,2025-10-30,SMS
518,Campaign 518,2025-10-31,2025-11-01,Google Ads
519,Campaign 519,2025-11-02,2025-11-03,Facebook Ads
520,Campaign 520,2025-11-04,2025-11-05,Facebook Ads
521,Campaign 521,2025-11-06,2025-11-07,Facebook Ads
522,Campaign 522,2025-11-08,2025-11-09,Google Ads
523,Campaign 523,2025-11-10,2025-11-11,Google Ads
524,Campaign 524,2025-11-12,2025-11-13,Facebook Ads
525,Campaign 525,2025-11-14,2025-11-15,Instagram
526,Campaign 526,2025-11-16,2025-11-17,Email
527,Campaign 527,2025-11-18,2025-11-19,Social Media
528,Campaign 528,2025-11-20,2025-11-21,SMS
529,Campaign 529,2025-11-22,2025-11-23,Instagram
530,Campaign 530,2025-11-24,2025-11-25,Email
531,Campaign 531,2025-11-26,2025-11-27,Google Ads
532,Campaign 532,2025-11-28,2025-11-29,Social Media
533,Campaign 533,2025-11-30,2025-12-01,Instagram
534,Campaign 534,2025-12-02,2025-12-03,Social Media
535,Campaign 535,2025-12-04,2025-12-05,Google Ads
536,Campaign 536,2025-12-06,2025-12-07,SMS
537,Campaign 537,2025-12-08,2025-12-09,SMS
538,Campaign 538,2025-12-10,2025-12-11,Email
539,Campaign 539,2025-12-12,2025-12-13,SMS
540,Campaign 540,2025-12-14,2025-12-15,Email
541,Campaign 541,2025-12-16,2025-12-17,Email
542,Campaign 542,2025-12-18,2025-12-19,Instagram
543,Campaign 543,2025-12-20,2025-12-21,SMS
544,Campaign 544,2025-12-22,2025-12-23,Email
545,Campaign 545,2025-12-24,2025-12-25,Instagram
546,Campaign 546,2025-12-26,2025-12-27,Instagram
547,Campaign 547,2025-12-28,2025-12-29,Facebook Ads
548,Campaign 548,2025-12-30,2025-12-31,Instagram
549,Campaign 549,2026-01-01,2026-01-02,Social Media
550,Campaign 550,2026-01-03,2026-01-04,Email
551,Campaign 551,2026-01-05,2026-01-06,Instagram
552,Campaign 552,2026-01-07,2026-01-08,Google Ads
553,Campaign 553,2026-01-09,2026-01-10,Instagram
554,Campaign 554,2026-01-11,2026-01-12,Instagram
555,Campaign 555,2026-01-13,2026-01-14,Facebook Ads
556,Campaign 556,2026-01-15,2026-01-16,SMS
557,Campaign 557,2026-01-17,2026-01-18,Social Media
558,Campaign 558,2026-01-19,2026-01-20,Google Ads
559,Campaign 559,2026-01-21,2026-01-22,Facebook Ads
560,Campaign 560,2026-01-23,2026-01-24,Social Media
561,Campaign 561,2026-01-25,2026-01-26,Instagram
562,Campaign 562,2026-01-27,2026-01-28,SMS
563,Campaign 563,2026-01-29,2026-01-30,Google Ads
564,Campaign 564,2026-01-31,2026-02-01,Social Media
565,Campaign 565,2026-02-02,2026-02-03,Facebook Ads
566,Campaign 566,2026-02-04,2026-02-05,Instagram
567,Campaign 567,2026-02-06,2026-02-07,Instagram
568,Campaign 568,2026-02-08,2026-02-09,Email
569,Campaign 569,2026-02-10,2026-02-11,Facebook Ads
570,Campaign 570,2026-02-12,2026-02-13,Google Ads
571,Campaign 571,2026-02-14,2026-02-15,Instagram
572,Campaign 572,2026-02-16,2026-02-17,Email
573,Campaign 573,2026-02-18,2026-02-19,SMS
574,Campaign 574,2026-02-20,2026-02-21,Social Media
575,Campaign 575,2026-02-22,2026-02-23,Instagram
576,Campaign 576,2026-02-24,2026-02-25,SMS
577,Campaign 577,2026-02-26,2026-02-27,Social Media
578,Campaign 578,2026-02-28,2026-03-01,Instagram
579,Campaign 579,2026-03-02,2026-03-03,Social Media
580,Campaign 580,2026-03-04,2026-03-05,Facebook Ads
581,Campaign 581,2026-03-06,2026-03-07,Social Media
582,Campaign 582,2026-03-08,2026-03-09,Social Media
583,Campaign 583,2026-03-10,2026-03-11,Instagram
584,Campaign 584,2026-03-12,2026-03-13,Instagram
585,Campaign 585,2026-03-14,2026-03-15,SMS
586,Campaign 586,2026-03-16,2026-03-17,Social Media
587,Campaign 587,2026-03-18,2026-03-19,SMS
588,Campaign 588,2026-03-20,2026-03-21,SMS
589,Campaign 589,2026-03-22,2026-03-23,Facebook Ads
590,Campaign 590,2026-03-24,2026-03-25,Google Ads
591,Campaign 591,2026-03-26,2026-03-27,Email
592,Campaign 592,2026-03-28,2026-03-29,Social Media
593,Campaign 593,2026-03-30,2026-03-31,Facebook Ads
594,Campaign 594,2026-04-01,2026-04-02,Social Media
595,Campaign 595,2026-04-03,2026-04-04,Email
596,Campaign 596,2026-04-05,2026-04-06,Google Ads
597,Campaign 597,2026-04-07,2026-04-08,Google Ads
598,Campaign 598,2026-04-09,2026-04-10,Social Media
599,Campaign 599,2026-04-11,2026-04-12,Email
600,Campaign 600,2026-04-13,2026-04-14,SMS
601,Campaign 601,2026-04-15,2026-04-16,Social Media
602,Campaign 602,2026-04-17,2026-04-18,Instagram
603,Campaign 603,2026-04-19,2026-04-20,Google Ads
604,Campaign 604,2026-04-21,2026-04-22,Facebook Ads
605,Campaign 605,2026-04-23,2026-04-24,Facebook Ads
606,Campaign 606,2026-04-25,2026-04-26,Facebook Ads
607,Campaign 607,2026-04-27,2026-04-28,Email
608,Campaign 608,2026-04-29,2026-04-30,Email
609,Campaign 609,2026-05-01,2026-05-02,SMS
610,Campaign 610,2026-05-03,2026-05-04,Google Ads
611,Campaign 611,2026-05-05,2026-05-06,Email
612,Campaign 612,2026-05-07,2026-05-08,SMS
613,Campaign 613,2026-05-09,2026-05-10,Instagram
614,Campaign 614,2026-05-11,2026-05-12,SMS
615,Campaign 615,2026-05-13,2026-05-14,Google Ads
616,Campaign 616,2026-05-15,2026-05-16,SMS
617,Campaign 617,2026-05-17,2026-05-18,Google Ads
618,Campaign 618,2026-05-19,2026-05-20,Instagram
619,Campaign 619,2026-05-21,2026-05-22,Instagram
620,Campaign 620,2026-05-23,2026-05-24,Instagram
621,Campaign 621,2026-05-25,2026-05-26,Social Media
622,Campaign 622,2026-05-27,2026-05-28,Facebook Ads
623,Campaign 623,2026-05-29,2026-05-30,SMS
624,Campaign 624,2026-05-31,2026-06-01,Facebook Ads
625,Campaign 625,2026-06-02,2026-06-03,Google Ads
626,Campaign 626,2026-06-04,2026-06-05,Instagram
627,Campaign 627,2026-06-06,2026-06-07,SMS
628,Campaign 628,2026-06-08,2026-06-09,Email
629,Campaign 629,2026-06-10,2026-06-11,Instagram
630,Campaign 630,2026-06-12,2026-06-13,Google Ads
631,Campaign 631,2026-06-14,2026-06-15,Facebook Ads
632,Campaign 632,2026-06-16,2026-06-17,Social Media
633,Campaign 633,2026-06-18,2026-06-19,Instagram
634,Campaign 634,2026-06-20,2026-06-21,Facebook Ads
635,Campaign 635,2026-06-22,2026-06-23,Google Ads
636,Campaign 636,2026-06-24,2026-06-25,Google Ads
637,Campaign 637,2026-06-26,2026-06-27,Facebook Ads
638,Campaign 638,2026-06-28,2026-06-29,Facebook Ads
639,Campaign 639,2026-06-30,2026-07-01,Instagram
640,Campaign 640,2026-07-02,2026-07-03,Email
641,Campaign 641,2026-07-04,2026-07-05,Instagram
642,Campaign 642,2026-07-06,2026-07-07,Social Media
643,Campaign 643,2026-07-08,2026-07-09,Facebook Ads
644,Campaign 644,2026-07-10,2026-07-11,Social Media
645,Campaign 645,2026-07-12,2026-07-13,Social Media
646,Campaign 646,2026-07-14,2026-07-15,Email
647,Campaign 647,2026-07-16,2026-07-17,Instagram
648,Campaign 648,2026-07-18,2026-07-19,SMS
649,Campaign 649,2026-07-20,2026-07-21,Google Ads
650,Campaign 650,2026-07-22,2026-07-23,Social Media
651,Campaign 651,2026-07-24,2026-07-25,Social Media
652,Campaign 652,2026-07-26,2026-07-27,Social Media
653,Campaign 653,2026-07-28,2026-07-29,Social Media
654,Campaign 654,2026-07-30,2026-07-31,Google Ads
655,Campaign 655,2026-08-01,2026-08-02,Instagram
656,Campaign 656,2026-08-03,2026-08-04,SMS
657,Campaign 657,2026-08-05,2026-08-06,Email
658,Campaign 658,2026-08-07,2026-08-08,SMS
659,Campaign 659,2026-08-09,2026-08-10,Social Media
660,Campaign 660,2026-08-11,2026-08-12,Facebook Ads
661,Campaign 661,2026-08-13,2026-08-14,Google Ads
662,Campaign 662,2026-08-15,2026-08-16,SMS
663,Campaign 663,2026-08-17,2026-08-18,Email
664,Campaign 664,2026-08-19,2026-08-20,Facebook Ads
665,Campaign 665,2026-08-21,2026-08-22,SMS
666,Campaign 666,2026-08-23,2026-08-24,Facebook Ads
667,Campaign 667,2026-08-25,2026-08-26,Facebook Ads
668,Campaign 668,2026-08-27,2026-08-28,Social Media
669,Campaign 669,2026-08-29,2026-08-30,Instagram
670,Campaign 670,2026-08-31,2026-09-01,Social Media
671,Campaign 671,2026-09-02,2026-09-03,SMS
672,Campaign 672,2026-09-04,2026-09-05,Facebook Ads
673,Campaign 673,2026-09-06,2026-09-07,Email
674,Campaign 674,2026-09-08,2026-09-09,Social Media
675,Campaign 675,2026-09-10,2026-09-11,Email
676,Campaign 676,2026-09-12,2026-09-13,Social Media
677,Campaign 677,2026-09-14,2026-09-15,Instagram
678,Campaign 678,2026-09-16,2026-09-17,Instagram
679,Campaign 679,2026-09-18,2026-09-19,Social Media
680,Campaign 680,2026-09-20,2026-09-21,Social Media
681,Campaign 681,2026-09-22,2026-09-23,SMS
682,Campaign 682,2026-09-24,2026-09-25,Instagram
683,Campaign 683,2026-09-26,2026-09-27,Email
684,Campaign 684,2026-09-28,2026-09-29,Instagram
685,Campaign 685,2026-09-30,2026-10-01,Social Media
686,Campaign 686,2026-10-02,2026-10-03,Email
687,Campaign 687,2026-10-04,2026-10-05,Social Media
688,Campaign 688,2026-10-06,2026-10-07,Google Ads
689,Campaign 689,2026-10-08,2026-10-09,Social Media
690,Campaign 690,2026-10-10,2026-10-11,Instagram
691,Campaign 691,2026-10-12,2026-10-13,Facebook Ads
692,Campaign 692,2026-10-14,2026-10-15,Instagram
693,Campaign 693,2026-10-16,2026-10-17,Instagram
694,Campaign 694,2026-10-18,2026-10-19,SMS
695,Campaign 695,2026-10-20,2026-10-21,Email
696,Campaign 696,2026-10-22,2026-10-23,SMS
697,Campaign 697,2026-10-24,2026-10-25,SMS
698,Campaign 698,2026-10-26,2026-10-27,SMS
699,Campaign 699,2026-10-28,2026-10-29,Google Ads
700,Campaign 700,2026-10-30,2026-10-31,Email
701,Campaign 701,2026-11-01,2026-11-02,Social Media
702,Campaign 702,2026-11-03,2026-11-04,Facebook Ads
703,Campaign 703,2026-11-05,2026-11-06,Instagram
704,Campaign 704,2026-11-07,2026-11-08,Facebook Ads
705,Campaign 705,2026-11-09,2026-11-10,Facebook Ads
706,Campaign 706,2026-11-11,2026-11-12,Social Media
707,Campaign 707,2026-11-13,2026-11-14,Social Media
708,Campaign 708,2026-11-15,2026-11-16,Facebook Ads
709,Campaign 709,2026-11-17,2026-11-18,Instagram
710,Campaign 710,2026-11-19,2026-11-20,Social Media
711,Campaign 711,2026-11-21,2026-11-22,Instagram
712,Campaign 712,2026-11-23,2026-11-24,Social Media
713,Campaign 713,2026-11-25,2026-11-26,Instagram
714,Campaign 714,2026-11-27,2026-11-28,SMS
715,Campaign 715,2026-11-29,2026-11-30,Instagram
716,Campaign 716,2026-12-01,2026-12-02,Google Ads
717,Campaign 717,2026-12-03,2026-12-04,Social Media
718,Campaign 718,2026-12-05,2026-12-06,SMS
719,Campaign 719,2026-12-07,2026-12-08,SMS
720,Campaign 720,2026-12-09,2026-12-10,Google Ads
721,Campaign 721,2026-12-11,2026-12-12,Facebook Ads
722,Campaign 722,2026-12-13,2026-12-14,Instagram
723,Campaign 723,2026-12-15,2026-12-16,Instagram
724,Campaign 724,2026-12-17,2026-12-18,Email
725,Campaign 725,2026-12-19,2026-12-20,Social Media
726,Campaign 726,2026-12-21,2026-12-22,Facebook Ads
727,Campaign 727,2026-12-23,2026-12-24,Facebook Ads
728,Campaign 728,2026-12-25,2026-12-26,Social Media
729,Campaign 729,2026-12-27,2026-12-28,Email
730,Campaign 730,2026-12-29,2026-12-30,Email
731,Campaign 731,2026-12-31,2027-01-01,Social Media
732,Campaign 732,2027-01-02,2027-01-03,Instagram
733,Campaign 733,2027-01-04,2027-01-05,Instagram
734,Campaign 734,2027-01-06,2027-01-07,SMS
735,Campaign 735,2027-01-08,2027-01-09,Facebook Ads
736,Campaign 736,2027-01-10,2027-01-11,Social Media
737,Campaign 737,2027-01-12,2027-01-13,Instagram
738,Campaign 738,2027-01-14,2027-01-15,Email
739,Campaign 739,2027-01-16,2027-01-17,Social Media
740,Campaign 740,2027-01-18,2027-01-19,Facebook Ads
741,Campaign 741,2027-01-20,2027-01-21,Instagram
742,Campaign 742,2027-01-22,2027-01-23,Instagram
743,Campaign 743,2027-01-24,2027-01-25,Email
744,Campaign 744,2027-01-26,2027-01-27,Instagram
745,Campaign 745,2027-01-28,2027-01-29,Instagram
746,Campaign 746,2027-01-30,2027-01-31,Email
747,Campaign 747,2027-02-01,2027-02-02,Email
748,Campaign 748,2027-02-03,2027-02-04,Facebook Ads
749,Campaign 749,2027-02-05,2027-02-06,SMS
750,Campaign 750,2027-02-07,2027-02-08,Social Media
751,Campaign 751,2027-02-09,2027-02-10,Instagram
752,Campaign 752,2027-02-11,2027-02-12,Instagram
753,Campaign 753,2027-02-13,2027-02-14,Email
754,Campaign 754,2027-02-15,2027-02-16,SMS
755,Campaign 755,2027-02-17,2027-02-18,SMS
756,Campaign 756,2027-02-19,2027-02-20,Facebook Ads
757,Campaign 757,2027-02-21,2027-02-22,Instagram
758,Campaign 758,2027-02-23,2027-02-24,Facebook Ads
759,Campaign 759,2027-02-25,2027-02-26,Google Ads
760,Campaign 760,2027-02-27,2027-02-28,Email
761,Campaign 761,2027-03-01,2027-03-02,SMS
762,Campaign 762,2027-03-03,2027-03-04,Instagram
763,Campaign 763,2027-03-05,2027-03-06,Facebook Ads
764,Campaign 764,2027-03-07,2027-03-08,Social Media
765,Campaign 765,2027-03-09,2027-03-10,Facebook Ads
766,Campaign 766,2027-03-11,2027-03-12,Facebook Ads
767,Campaign 767,2027-03-13,2027-03-14,Google Ads
768,Campaign 768,2027-03-15,2027-03-16,Instagram
769,Campaign 769,2027-03-17,2027-03-18,SMS
770,Campaign 770,2027-03-19,2027-03-20,SMS
771,Campaign 771,2027-03-21,2027-03-22,Instagram
772,Campaign 772,2027-03-23,2027-03-24,Email
773,Campaign 773,2027-03-25,2027-03-26,Facebook Ads
774,Campaign 774,2027-03-27,2027-03-28,Social Media
775,Campaign 775,2027-03-29,2027-03-30,Google Ads
776,Campaign 776,2027-03-31,2027-04-01,Facebook Ads
777,Campaign 777,2027-04-02,2027-04-03,Social Media
778,Campaign 778,2027-04-04,2027-04-05,Email
779,Campaign 779,2027-04-06,2027-04-07,Google Ads
780,Campaign 780,2027-04-08,2027-04-09,Instagram
781,Campaign 781,2027-04-10,2027-04-11,Instagram
782,Campaign 782,2027-04-12,2027-04-13,Facebook Ads
783,Campaign 783,2027-04-14,2027-04-15,Google Ads
784,Campaign 784,2027-04-16,2027-04-17,Social Media
785,Campaign 785,2027-04-18,2027-04-19,Email
786,Campaign 786,2027-04-20,2027-04-21,SMS
787,Campaign 787,2027-04-22,2027-04-23,SMS
788,Campaign 788,2027-04-24,2027-04-25,Email
789,Campaign 789,2027-04-26,2027-04-27,Instagram
790,Campaign 790,2027-04-28,2027-04-29,Instagram
791,Campaign 791,2027-04-30,2027-05-01,Email
792,Campaign 792,2027-05-02,2027-05-03,Instagram
793,Campaign 793,2027-05-04,2027-05-05,Email
794,Campaign 794,2027-05-06,2027-05-07,Facebook Ads
795,Campaign 795,2027-05-08,2027-05-09,SMS
796,Campaign 796,2027-05-10,2027-05-11,Social Media
797,Campaign 797,2027-05-12,2027-05-13,SMS
798,Campaign 798,2027-05-14,2027-05-15,Google Ads
799,Campaign 799,2027-05-16,2027-05-17,Facebook Ads
800,Campaign 800,2027-05-18,2027-05-19,Google Ads
801,Campaign 801,2027-05-20,2027-05-21,Email
802,Campaign 802,2027-05-22,2027-05-23,Social Media
803,Campaign 803,2027-05-24,2027-05-25,Facebook Ads
804,Campaign 804,2027-05-26,2027-05-27,SMS
805,Campaign 805,2027-05-28,2027-05-29,Instagram
806,Campaign 806,2027-05-30,2027-05-31,Google Ads
807,Campaign 807,2027-06-01,2027-06-02,Google Ads
808,Campaign 808,2027-06-03,2027-06-04,Instagram
809,Campaign 809,2027-06-05,2027-06-06,Facebook Ads
810,Campaign 810,2027-06-07,2027-06-08,Instagram
811,Campaign 811,2027-06-09,2027-06-10,Google Ads
812,Campaign 812,2027-06-11,2027-06-12,Instagram
813,Campaign 813,2027-06-13,2027-06-14,Google Ads
814,Campaign 814,2027-06-15,2027-06-16,SMS
815,Campaign 815,2027-06-17,2027-06-18,Facebook Ads
816,Campaign 816,2027-06-19,2027-06-20,Social Media
817,Campaign 817,2027-06-21,2027-06-22,Facebook Ads
818,Campaign 818,2027-06-23,2027-06-24,Instagram
819,Campaign 819,2027-06-25,2027-06-26,Instagram
820,Campaign 820,2027-06-27,2027-06-28,Facebook Ads
821,Campaign 821,2027-06-29,2027-06-30,Social Media
822,Campaign 822,2027-07-01,2027-07-02,Google Ads
823,Campaign 823,2027-07-03,2027-07-04,Instagram
824,Campaign 824,2027-07-05,2027-07-06,Instagram
825,Campaign 825,2027-07-07,2027-07-08,Facebook Ads
826,Campaign 826,2027-07-09,2027-07-10,Google Ads
827,Campaign 827,2027-07-11,2027-07-12,Google Ads
828,Campaign 828,2027-07-13,2027-07-14,Instagram
829,Campaign 829,2027-07-15,2027-07-16,Google Ads
830,Campaign 830,2027-07-17,2027-07-18,SMS
831,Campaign 831,2027-07-19,2027-07-20,Facebook Ads
832,Campaign 832,2027-07-21,2027-07-22,SMS
833,Campaign 833,2027-07-23,2027-07-24,Social Media
834,Campaign 834,2027-07-25,2027-07-26,SMS
835,Campaign 835,2027-07-27,2027-07-28,Email
836,Campaign 836,2027-07-29,2027-07-30,SMS
837,Campaign 837,2027-07-31,2027-08-01,Social Media
838,Campaign 838,2027-08-02,2027-08-03,Facebook Ads
839,Campaign 839,2027-08-04,2027-08-05,SMS
840,Campaign 840,2027-08-06,2027-08-07,Social Media
841,Campaign 841,2027-08-08,2027-08-09,Email
842,Campaign 842,2027-08-10,2027-08-11,Social Media
843,Campaign 843,2027-08-12,2027-08-13,Instagram
844,Campaign 844,2027-08-14,2027-08-15,Facebook Ads
845,Campaign 845,2027-08-16,2027-08-17,Google Ads
846,Campaign 846,2027-08-18,2027-08-19,Instagram
847,Campaign 847,2027-08-20,2027-08-21,Instagram
848,Campaign 848,2027-08-22,2027-08-23,SMS
849,Campaign 849,2027-08-24,2027-08-25,SMS
850,Campaign 850,2027-08-26,2027-08-27,SMS
851,Campaign 851,2027-08-28,2027-08-29,Email
852,Campaign 852,2027-08-30,2027-08-31,Social Media
853,Campaign 853,2027-09-01,2027-09-02,Facebook Ads
854,Campaign 854,2027-09-03,2027-09-04,SMS
855,Campaign 855,2027-09-05,2027-09-06,Email
856,Campaign 856,2027-09-07,2027-09-08,Email
857,Campaign 857,2027-09-09,2027-09-10,Social Media
858,Campaign 858,2027-09-11,2027-09-12,Facebook Ads
859,Campaign 859,2027-09-13,2027-09-14,Instagram
860,Campaign 860,2027-09-15,2027-09-16,Facebook Ads
861,Campaign 861,2027-09-17,2027-09-18,Email
862,Campaign 862,2027-09-19,2027-09-20,Email
863,Campaign 863,2027-09-21,2027-09-22,Google Ads
864,Campaign 864,2027-09-23,2027-09-24,Social Media
865,Campaign 865,2027-09-25,2027-09-26,Google Ads
866,Campaign 866,2027-09-27,2027-09-28,Email
867,Campaign 867,2027-09-29,2027-09-30,Instagram
868,Campaign 868,2027-10-01,2027-10-02,Email
869,Campaign 869,2027-10-03,2027-10-04,SMS
870,Campaign 870,2027-10-05,2027-10-06,Facebook Ads
871,Campaign 871,2027-10-07,2027-10-08,Facebook Ads
872,Campaign 872,2027-10-09,2027-10-10,Instagram
873,Campaign 873,2027-10-11,2027-10-12,SMS
874,Campaign 874,2027-10-13,2027-10-14,Instagram
875,Campaign 875,2027-10-15,2027-10-16,Google Ads
876,Campaign 876,2027-10-17,2027-10-18,SMS
877,Campaign 877,2027-10-19,2027-10-20,Instagram
878,Campaign 878,2027-10-21,2027-10-22,Email
879,Campaign 879,2027-10-23,2027-10-24,Social Media
880,Campaign 880,2027-10-25,2027-10-26,SMS
881,Campaign 881,2027-10-27,2027-10-28,Facebook Ads
882,Campaign 882,2027-10-29,2027-10-30,Facebook Ads
883,Campaign 883,2027-10-31,2027-11-01,Email
884,Campaign 884,2027-11-02,2027-11-03,Social Media
885,Campaign 885,2027-11-04,2027-11-05,SMS
886,Campaign 886,2027-11-06,2027-11-07,Instagram
887,Campaign 887,2027-11-08,2027-11-09,Google Ads
888,Campaign 888,2027-11-10,2027-11-11,Social Media
889,Campaign 889,2027-11-12,2027-11-13,Email
890,Campaign 890,2027-11-14,2027-11-15,Instagram
891,Campaign 891,2027-11-16,2027-11-17,Instagram
892,Campaign 892,2027-11-18,2027-11-19,Instagram
893,Campaign 893,2027-11-20,2027-11-21,SMS
894,Campaign 894,2027-11-22,2027-11-23,Social Media
895,Campaign 895,2027-11-24,2027-11-25,Instagram
896,Campaign 896,2027-11-26,2027-11-27,Social Media
897,Campaign 897,2027-11-28,2027-11-29,SMS
898,Campaign 898,2027-11-30,2027-12-01,Email
899,Campaign 899,2027-12-02,2027-12-03,Google Ads
900,Campaign 900,2027-12-04,2027-12-05,Social Media
901,Campaign 901,2027-12-06,2027-12-07,SMS
902,Campaign 902,2027-12-08,2027-12-09,Email
903,Campaign 903,2027-12-10,2027-12-11,Social Media
904,Campaign 904,2027-12-12,2027-12-13,Email
905,Campaign 905,2027-12-14,2027-12-15,Google Ads
906,Campaign 906,2027-12-16,2027-12-17,Facebook Ads
907,Campaign 907,2027-12-18,2027-12-19,Google Ads
908,Campaign 908,2027-12-20,2027-12-21,SMS
909,Campaign 909,2027-12-22,2027-12-23,Facebook Ads
910,Campaign 910,2027-12-24,2027-12-25,Facebook Ads
911,Campaign 911,2027-12-26,2027-12-27,Instagram
912,Campaign 912,2027-12-28,2027-12-29,Social Media
913,Campaign 913,2027-12-30,2027-12-31,Instagram
914,Campaign 914,2028-01-01,2028-01-02,Email
915,Campaign 915,2028-01-03,2028-01-04,SMS
916,Campaign 916,2028-01-05,2028-01-06,SMS
917,Campaign 917,2028-01-07,2028-01-08,Email
918,Campaign 918,2028-01-09,2028-01-10,Email
919,Campaign 919,2028-01-11,2028-01-12,Instagram
920,Campaign 920,2028-01-13,2028-01-14,Google Ads
921,Campaign 921,2028-01-15,2028-01-16,SMS
922,Campaign 922,2028-01-17,2028-01-18,Instagram
923,Campaign 923,2028-01-19,2028-01-20,Instagram
924,Campaign 924,2028-01-21,2028-01-22,Google Ads
925,Campaign 925,2028-01-23,2028-01-24,Google Ads
926,Campaign 926,2028-01-25,2028-01-26,Google Ads
927,Campaign 927,2028-01-27,2028-01-28,Social Media
928,Campaign 928,2028-01-29,2028-01-30,Instagram
929,Campaign 929,2028-01-31,2028-02-01,Social Media
930,Campaign 930,2028-02-02,2028-02-03,Facebook Ads
931,Campaign 931,2028-02-04,2028-02-05,Facebook Ads
932,Campaign 932,2028-02-06,2028-02-07,Instagram
933,Campaign 933,2028-02-08,2028-02-09,Email
934,Campaign 934,2028-02-10,2028-02-11,Google Ads
935,Campaign 935,2028-02-12,2028-02-13,Social Media
936,Campaign 936,2028-02-14,2028-02-15,Facebook Ads
937,Campaign 937,2028-02-16,2028-02-17,Instagram
938,Campaign 938,2028-02-18,2028-02-19,Email
939,Campaign 939,2028-02-20,2028-02-21,Instagram
940,Campaign 940,2028-02-22,2028-02-23,Email
941,Campaign 941,2028-02-24,2028-02-25,Instagram
942,Campaign 942,2028-02-26,2028-02-27,Google Ads
943,Campaign 943,2028-02-28,2028-02-29,Google Ads
944,Campaign 944,2028-03-01,2028-03-02,Email
945,Campaign 945,2028-03-03,2028-03-04,Instagram
946,Campaign 946,2028-03-05,2028-03-06,Google Ads
947,Campaign 947,2028-03-07,2028-03-08,Instagram
948,Campaign 948,2028-03-09,2028-03-10,Instagram
949,Campaign 949,2028-03-11,2028-03-12,Google Ads
950,Campaign 950,2028-03-13,2028-03-14,SMS
951,Campaign 951,2028-03-15,2028-03-16,Facebook Ads
952,Campaign 952,2028-03-17,2028-03-18,Facebook Ads
953,Campaign 953,2028-03-19,2028-03-20,Instagram
954,Campaign 954,2028-03-21,2028-03-22,Facebook Ads
955,Campaign 955,2028-03-23,2028-03-24,Social Media
956,Campaign 956,2028-03-25,2028-03-26,Google Ads
957,Campaign 957,2028-03-27,2028-03-28,Facebook Ads
958,Campaign 958,2028-03-29,2028-03-30,SMS
959,Campaign 959,2028-03-31,2028-04-01,Facebook Ads
960,Campaign 960,2028-04-02,2028-04-03,Instagram
961,Campaign 961,2028-04-04,2028-04-05,Email
962,Campaign 962,2028-04-06,2028-04-07,Facebook Ads
963,Campaign 963,2028-04-08,2028-04-09,Email
964,Campaign 964,2028-04-10,2028-04-11,Google Ads
965,Campaign 965,2028-04-12,2028-04-13,Email
966,Campaign 966,2028-04-14,2028-04-15,Facebook Ads
967,Campaign 967,2028-04-16,2028-04-17,SMS
968,Campaign 968,2028-04-18,2028-04-19,Social Media
969,Campaign 969,2028-04-20,2028-04-21,SMS
970,Campaign 970,2028-04-22,2028-04-23,SMS
971,Campaign 971,2028-04-24,2028-04-25,Social Media
972,Campaign 972,2028-04-26,2028-04-27,Google Ads
973,Campaign 973,2028-04-28,2028-04-29,Facebook Ads
974,Campaign 974,2028-04-30,2028-05-01,Google Ads
975,Campaign 975,2028-05-02,2028-05-03,Instagram
976,Campaign 976,2028-05-04,2028-05-05,Instagram
977,Campaign 977,2028-05-06,2028-05-07,Email
978,Campaign 978,2028-05-08,2028-05-09,SMS
979,Campaign 979,2028-05-10,2028-05-11,Google Ads
980,Campaign 980,2028-05-12,2028-05-13,Social Media
981,Campaign 981,2028-05-14,2028-05-15,Google Ads
982,Campaign 982,2028-05-16,2028-05-17,Email
983,Campaign 983,2028-05-18,2028-05-19,Facebook Ads
984,Campaign 984,2028-05-20,2028-05-21,SMS
985,Campaign 985,2028-05-22,2028-05-23,SMS
986,Campaign 986,2028-05-24,2028-05-25,Google Ads
987,Campaign 987,2028-05-26,2028-05-27,Email
988,Campaign 988,2028-05-28,2028-05-29,Instagram
989,Campaign 989,2028-05-30,2028-05-31,Social Media
990,Campaign 990,2028-06-01,2028-06-02,Facebook Ads
991,Campaign 991,2028-06-03,2028-06-04,Google Ads
992,Campaign 992,2028-06-05,2028-06-06,Google Ads
993,Campaign 993,2028-06-07,2028-06-08,Social Media
994,Campaign 994,2028-06-09,2028-06-10,Instagram
995,Campaign 995,2028-06-11,2028-06-12,Google Ads
996,Campaign 996,2028-06-13,2028-06-14,Social Media
997,Campaign 997,2028-06-15,2028-06-16,SMS
998,Campaign 998,2028-06-17,2028-06-18,SMS
999,Campaign 999,2028-06-19,2028-06-20,Social Media
1000,Campaign 1000,2028-06-21,2028-06-22,Facebook Ads
