transaction_id,customer_id,transaction_date,total_amount
1,754,2023-07-24 08:33:03,25450922.77
2,212,2023-09-05 09:39:47,35737340.36
3,855,2023-08-23 07:22:57,15574211.19
4,365,2023-09-13 22:31:20,33914570.02
5,123,2023-06-09 03:53:03,17837748.23
6,629,2023-03-22 17:56:14,24281028.42
7,981,2023-01-07 19:42:52,40668008.41
8,381,2023-02-13 17:33:34,12593987.83
9,505,2024-09-27 11:29:02,21190456.39
10,503,2024-08-11 10:00:09,2988884.44
11,287,2023-07-07 18:36:35,23509776.55
12,769,2024-02-12 08:05:10,23300610.73
13,56,2024-08-13 04:40:09,26713121.49
14,490,2024-06-22 15:24:26,10366990.89
15,515,2024-07-07 01:11:08,35715046.45
16,882,2023-12-22 14:20:05,12823381.53
17,469,2024-12-03 06:21:51,15177889.0
18,472,2023-05-04 18:52:02,3095877.97
19,13,2023-11-20 00:18:23,795830.58
20,389,2024-11-21 07:40:23,26605847.47
21,334,2024-08-17 03:40:05,38583619.26
22,883,2024-01-06 22:18:38,27520097.73
23,562,2023-09-23 06:48:50,2915397.66
24,276,2023-09-27 08:38:02,45200131.74
25,352,2024-04-27 22:19:18,3342641.96
26,511,2024-01-10 06:41:45,47474557.81
27,430,2024-03-10 07:39:54,25916171.45
28,374,2024-12-18 13:33:19,36202420.8
29,462,2024-02-15 10:10:51,26767023.76
30,135,2023-07-04 20:48:15,26776726.08
31,834,2024-08-12 08:19:18,27817855.4
32,824,2023-04-13 09:49:42,24811991.23
33,443,2023-08-30 20:13:09,13028231.72
34,150,2024-01-26 07:08:18,13612413.9
35,826,2023-06-03 17:13:15,3514059.45
36,432,2023-01-10 06:25:48,5303734.28
37,915,2024-05-26 04:53:45,37826801.78
38,547,2024-10-07 18:49:25,18977447.55
39,308,2023-11-20 17:43:02,9522137.84
40,880,2023-09-14 20:28:00,4768604.52
41,408,2024-08-04 01:44:13,33296178.14
42,62,2023-04-12 05:56:49,22465293.98
43,488,2023-08-09 09:15:30,14127273.64
44,461,2024-10-06 03:30:22,18054490.94
45,370,2023-12-09 09:27:28,15577700.68
46,571,2024-01-04 20:24:06,29723305.89
47,21,2023-09-21 12:31:47,4129865.12
48,360,2024-02-26 04:24:50,30870274.93
49,204,2024-11-26 22:02:54,23853168.85
50,666,2024-08-13 20:58:03,32060188.3
51,179,2024-10-26 19:36:14,7682460.74
52,333,2023-10-19 12:55:44,33818268.35
53,500,2024-11-20 18:35:04,14242833.22
54,391,2024-04-02 02:51:17,12719576.28
55,475,2024-09-20 10:25:55,40977014.39
56,890,2024-10-08 05:16:25,30351199.43
57,828,2023-06-21 23:19:22,1382159.03
58,647,2023-12-12 15:21:28,9663921.63
59,415,2024-09-19 20:48:45,8472413.54
60,166,2023-03-15 02:52:49,6533956.0
61,322,2023-12-18 08:18:32,11831162.17
62,299,2023-11-21 23:46:31,2767555.23
63,620,2024-12-28 09:44:18,28996680.96
64,278,2024-10-22 14:23:53,31146262.4
65,766,2024-03-31 13:13:20,35414849.45
66,989,2024-08-24 18:58:00,31415735.87
67,172,2024-04-06 15:04:22,8902375.65
68,129,2023-07-08 00:50:27,21114512.91
69,964,2023-08-29 09:09:43,7583718.73
70,216,2024-12-18 02:54:54,9646454.74
71,106,2023-06-20 14:27:21,31387112.42
72,960,2023-04-08 02:19:21,29441449.73
73,56,2024-04-29 19:58:04,32002414.95
74,537,2023-01-27 14:27:17,55544809.76
75,269,2023-03-27 03:47:02,32534835.19
76,87,2024-09-24 05:39:12,4262120.31
77,317,2024-11-01 14:11:37,13750134.58
78,756,2023-08-23 09:00:26,20566485.21
79,642,2023-10-18 16:08:05,41990097.92
80,540,2023-05-10 04:46:46,15367319.46
81,36,2023-06-24 01:02:24,23214948.4
82,882,2024-11-10 12:59:31,4307653.26
83,479,2023-11-30 17:20:10,35798116.07
84,562,2024-07-07 09:55:05,31525808.61
85,993,2024-03-31 04:55:09,38161674.84
86,182,2024-12-15 19:38:05,25923364.5
87,468,2024-08-28 21:45:26,10441898.81
88,899,2024-10-08 23:09:02,21535369.22
89,537,2024-07-31 15:50:13,32588808.61
90,547,2024-10-17 23:17:04,46909687.41
91,494,2023-11-14 12:38:24,41675502.03
92,825,2024-07-06 08:16:10,14233888.23
93,316,2023-04-02 16:05:15,15758724.83
94,267,2024-01-10 15:00:28,15258587.18
95,11,2023-06-09 11:03:09,39636773.88
96,835,2023-01-01 19:03:12,20690144.06
97,294,2023-05-20 12:31:13,18376904.28
98,9,2024-04-25 19:28:56,13097390.02
99,970,2024-12-05 17:54:38,7796107.68
100,10,2024-05-03 10:54:30,3310355.16
101,612,2024-03-16 10:39:53,6368133.28
102,562,2023-08-25 00:15:46,34602818.86
103,422,2024-01-18 06:51:56,31311314.44
104,405,2024-07-28 15:54:52,14665261.52
105,733,2023-09-13 05:56:40,196953.7
106,849,2024-10-23 14:11:21,11144910.8
107,270,2024-01-23 08:01:53,17826996.91
108,641,2023-03-23 15:22:23,10573191.8
109,783,2023-09-03 18:48:33,26636649.17
110,292,2024-09-19 09:53:53,15680232.37
111,829,2024-10-26 19:22:02,16845125.53
112,193,2023-10-03 15:02:00,42396976.69
113,140,2023-03-12 06:38:28,24046232.52
114,653,2023-10-24 04:01:04,11551190.0
115,464,2024-04-11 22:29:27,9924474.41
116,504,2023-10-06 22:40:25,1864695.32
117,20,2023-07-12 11:40:27,32695373.01
118,993,2023-06-05 01:48:25,3213190.16
119,191,2024-07-01 00:48:20,2626683.15
120,276,2023-04-15 10:16:17,16739761.39
121,745,2023-05-09 15:57:44,7391487.3
122,93,2023-01-09 08:28:34,12642674.16
123,506,2023-06-04 00:32:10,23720488.93
124,431,2023-08-11 12:26:55,3670614.44
125,381,2023-11-16 18:08:45,19609778.35
126,339,2024-04-19 01:09:19,1005294.46
127,58,2023-03-24 05:19:08,40660475.45
128,74,2023-09-30 14:17:15,6719556.2
129,186,2024-07-10 17:07:03,23540064.4
130,837,2023-07-16 09:06:18,20793200.6
131,125,2024-01-26 00:27:33,9999990.52
132,790,2023-09-12 14:00:36,23879474.45
133,756,2024-03-29 08:59:56,32834272.21
134,472,2023-02-04 07:15:06,2549903.62
135,682,2023-04-07 18:58:26,38189683.38
136,399,2023-08-02 17:12:54,16026275.44
137,959,2024-11-28 11:21:48,46899556.87
138,645,2023-11-27 05:46:29,29265532.81
139,534,2023-02-13 20:00:34,55135794.01
140,493,2023-05-06 09:13:22,9108086.55
141,204,2024-10-15 10:52:46,41359677.41
142,885,2024-01-05 01:53:47,24461313.94
143,997,2024-11-13 07:55:45,13676321.42
144,649,2023-04-26 08:35:28,4852153.52
145,16,2024-03-20 11:48:54,32255439.41
146,599,2023-06-21 10:03:08,9458526.93
147,809,2023-05-03 14:24:39,13165752.42
148,993,2023-09-06 00:19:30,8820814.25
149,803,2023-02-13 21:09:22,8954733.48
150,705,2024-12-08 17:18:14,27058609.52
151,381,2024-09-02 05:38:35,22941804.41
152,162,2023-04-02 09:03:20,28105126.7
153,703,2024-05-26 03:19:40,7314700.74
154,954,2024-09-25 12:19:17,32405850.36
155,62,2024-10-02 02:11:11,9902525.66
156,158,2023-12-31 23:28:05,36490041.34
157,811,2024-12-19 19:31:40,2292850.3
158,500,2023-04-20 04:34:52,9356886.93
159,572,2023-08-27 11:31:55,8546302.28
160,825,2024-10-22 12:38:43,15070288.95
161,22,2024-03-25 07:01:32,7473854.7
162,367,2024-12-06 13:45:14,17262769.64
163,921,2023-05-18 09:07:39,31646731.41
164,724,2023-02-10 17:40:09,40684161.47
165,302,2024-03-24 20:21:12,3342520.55
166,195,2024-07-09 17:50:37,11225219.31
167,557,2024-08-03 06:47:41,1903066.08
168,750,2023-12-23 11:47:05,7491148.54
169,889,2024-04-24 10:01:27,33127207.01
170,165,2024-09-05 20:11:22,17845781.72
171,159,2023-03-12 19:20:17,27660571.85
172,840,2024-04-05 10:45:54,25964194.36
173,376,2023-09-27 19:43:09,17712244.07
174,795,2024-04-09 00:01:34,3930870.7
175,389,2024-10-15 18:25:16,9752134.16
176,635,2023-07-09 00:40:53,40516100.77
177,245,2024-01-08 22:34:50,11565545.18
178,675,2023-11-25 02:18:22,49196494.39
179,195,2024-07-05 14:06:29,13222019.1
180,785,2024-06-20 18:06:54,62249185.47
181,628,2024-07-18 05:36:42,48953249.36
182,420,2023-10-17 11:44:43,4045373.5
183,114,2024-10-18 11:43:28,11437707.68
184,675,2023-04-09 19:02:56,7131713.19
185,856,2023-03-10 01:35:37,14846341.94
186,895,2023-05-13 06:30:14,20009545.52
187,110,2023-02-02 07:21:26,10522575.54
188,102,2024-05-12 06:58:35,29725306.61
189,658,2023-02-02 20:47:23,3133705.76
190,502,2024-02-02 23:57:15,9089301.96
191,719,2024-06-22 22:43:05,16710390.24
192,51,2024-08-27 09:19:06,31816996.77
193,621,2024-01-11 08:02:10,6144183.4
194,953,2023-03-14 00:28:35,33569349.56
195,504,2023-08-02 23:52:30,45816355.16
196,821,2023-03-23 17:02:29,20291068.4
197,370,2024-10-16 02:12:36,44533300.68
198,842,2024-07-25 15:08:39,28626109.82
199,844,2024-01-13 02:07:21,2810079.19
200,542,2024-09-23 09:40:40,21975394.67
201,855,2023-02-11 02:33:45,48265170.4
202,968,2023-11-08 02:50:15,12339849.17
203,100,2023-08-10 18:54:49,11745285.76
204,545,2023-04-14 08:24:39,9227991.33
205,198,2024-01-30 06:53:52,5608153.62
206,255,2024-06-22 23:54:58,12959861.1
207,971,2024-08-06 22:46:02,10474259.54
208,768,2023-07-03 20:19:53,7701570.44
209,765,2024-07-25 15:06:59,82125551.35
210,591,2023-04-19 23:15:05,5248965.26
211,720,2024-01-02 16:42:05,17782310.14
212,905,2024-11-12 15:32:57,12981557.28
213,812,2023-04-17 06:04:24,21608867.25
214,412,2023-07-04 20:01:25,50010451.29
215,674,2024-05-31 12:17:18,6269361.52
216,615,2023-06-11 19:26:19,7160033.82
217,925,2024-03-29 12:49:39,4973078.85
218,333,2023-11-19 20:01:40,15774459.85
219,783,2024-01-16 15:00:46,11858336.59
220,846,2024-10-10 15:40:38,16285635.24
221,247,2023-11-28 22:09:05,33295571.47
222,220,2024-07-30 19:51:56,40860936.93
223,949,2024-01-20 20:02:00,17598948.18
224,985,2023-09-18 13:06:27,25206893.27
225,983,2024-04-08 16:17:34,29980376.39
226,744,2024-02-11 00:00:25,17637679.38
227,611,2023-02-05 10:21:27,17908102.54
228,139,2023-01-17 18:50:44,8474780.2
229,308,2023-11-06 00:14:20,10251232.32
230,877,2023-08-16 07:49:17,20957645.29
231,791,2023-11-19 00:47:24,16344781.02
232,942,2024-12-07 10:02:50,45073558.78
233,570,2024-07-20 18:36:53,199064.72
234,159,2024-08-07 20:48:42,5422413.51
235,472,2023-04-07 01:22:26,21364769.52
236,142,2023-12-31 05:41:01,13811751.61
237,911,2023-09-29 13:21:54,15354750.18
238,239,2024-08-19 09:05:49,25259185.14
239,95,2023-09-20 10:56:01,27706923.61
240,583,2024-08-07 14:33:22,25555181.86
241,741,2023-08-11 02:48:38,13918308.26
242,178,2023-11-29 17:34:06,27826110.11
243,840,2024-05-14 20:58:47,31402222.99
244,658,2023-04-08 21:40:18,25375405.66
245,749,2023-11-04 01:21:38,29864332.01
246,81,2024-08-13 13:53:30,11693505.14
247,357,2023-02-27 12:10:29,20724489.39
248,953,2024-03-20 15:09:54,4590730.2
249,766,2023-05-04 08:15:16,12098330.46
250,951,2024-10-30 21:55:44,29543111.42
251,797,2023-01-12 23:04:44,21792884.1
252,56,2024-10-09 13:55:33,44842083.76
253,43,2023-11-09 19:05:31,8589374.63
254,579,2023-11-23 19:39:29,45102211.76
255,515,2023-06-03 11:53:58,18396947.92
256,157,2024-12-15 08:02:20,24738617.61
257,995,2023-02-21 14:18:15,26088600.48
258,590,2024-04-01 21:40:05,25820967.12
259,228,2024-05-31 03:16:47,4981861.91
260,806,2024-03-18 10:33:02,13261135.14
261,136,2024-02-08 05:23:20,53167762.54
262,488,2023-12-11 03:00:19,30945083.38
263,562,2024-08-08 01:47:43,21529686.6
264,88,2024-02-13 09:33:33,18380685.75
265,445,2024-02-13 18:16:14,37890595.5
266,781,2024-12-15 04:44:48,2462394.6
267,573,2023-05-19 17:30:35,5878600.1
268,405,2023-07-22 17:45:44,36016855.5
269,201,2024-10-29 20:48:05,14041932.24
270,754,2024-07-28 22:25:39,1587895.7
271,249,2024-06-20 08:57:55,20499436.91
272,796,2023-03-15 09:41:38,24166658.13
273,702,2024-03-16 11:46:30,7011876.72
274,116,2024-08-12 03:15:43,11954315.92
275,434,2024-11-18 15:03:29,31946792.39
276,196,2024-01-10 12:40:53,5190572.2
277,609,2023-11-25 12:32:37,11782423.7
278,789,2024-11-02 00:52:52,23677350.84
279,359,2023-11-09 06:09:44,37066958.26
280,639,2024-09-23 16:06:01,12335741.63
281,46,2023-05-30 16:02:12,8148990.85
282,702,2023-08-28 07:16:13,25453909.86
283,776,2024-01-18 05:40:46,4940958.3
284,758,2023-03-29 04:05:28,20156329.23
285,972,2023-02-25 08:50:56,22245788.25
286,890,2024-09-27 05:22:36,2809630.18
287,352,2023-10-22 00:30:00,25288280.31
288,313,2024-12-11 04:03:05,47434032.23
289,24,2024-04-05 17:09:19,35427308.85
290,758,2023-12-06 07:36:35,41903837.19
291,209,2024-07-04 07:42:50,28710673.79
292,769,2024-07-13 19:03:05,8843543.08
293,495,2023-09-22 19:58:52,19694665.84
294,712,2024-09-29 05:08:46,29379093.94
295,386,2024-12-16 00:40:10,19168302.82
296,45,2024-08-19 19:10:48,44475789.24
297,62,2023-09-19 06:12:04,39056122.1
298,809,2023-10-18 07:18:25,40913610.95
299,278,2024-12-14 22:29:57,28065894.58
300,671,2023-02-24 16:55:43,21372302.55
301,398,2023-01-09 02:25:29,9508950.92
302,679,2024-11-07 09:52:41,38612520.05
303,886,2024-11-06 13:06:54,4844913.43
304,300,2023-04-21 00:41:40,4312376.13
305,237,2024-10-26 14:04:22,25671637.39
306,727,2024-01-25 18:30:55,15187420.99
307,497,2023-04-12 11:29:07,8959429.94
308,91,2024-09-03 19:21:12,4777015.45
309,513,2023-07-10 07:14:26,22103267.72
310,949,2024-04-13 20:24:50,12101763.35
311,41,2024-12-30 00:46:56,9227991.33
312,313,2023-09-11 19:16:31,7206531.27
313,403,2023-12-08 17:50:16,30250010.5
314,356,2023-06-10 00:40:08,31376453.14
315,364,2024-12-01 12:48:45,38983196.8
316,242,2024-10-02 11:00:26,15321937.22
317,832,2024-05-28 10:02:39,13946776.55
318,264,2023-03-05 22:47:03,5080782.05
319,967,2024-02-01 01:04:22,10158309.48
320,231,2024-07-22 10:12:05,4673568.17
321,919,2023-06-05 12:26:38,19800466.28
322,141,2024-02-07 23:55:05,4916222.5
323,534,2023-03-31 13:54:56,36364416.11
324,894,2024-11-25 22:17:54,50292287.97
325,428,2024-10-02 08:16:49,16875045.85
326,157,2023-09-04 20:51:30,2039951.28
327,932,2024-03-12 11:22:24,2052306.53
328,460,2024-09-11 11:59:20,24192375.68
329,212,2024-07-09 04:47:51,19631990.3
330,595,2024-10-30 05:02:43,21166877.45
331,884,2024-07-08 07:21:57,26732311.55
332,706,2023-05-22 11:15:01,24175087.61
333,932,2024-12-23 19:04:16,24244444.96
334,931,2023-05-19 15:39:29,13329537.28
335,956,2023-05-29 23:53:33,8042889.6
336,326,2024-08-01 05:45:15,1884471.21
337,546,2023-03-11 20:17:31,2285072.3
338,326,2023-05-02 06:42:14,57637956.99
339,784,2023-05-30 01:04:24,27197023.46
340,985,2023-11-23 15:04:29,39108269.16
341,454,2024-02-26 11:02:40,16711263.55
342,156,2024-10-14 09:58:07,24712487.3
343,135,2023-07-12 03:53:14,9762888.29
344,781,2023-07-09 00:57:13,5389969.14
345,274,2024-09-18 22:27:44,20022285.09
346,628,2024-09-12 20:38:43,18321658.18
347,238,2023-08-25 21:42:46,7880049.45
348,368,2023-08-25 00:56:58,45529445.78
349,138,2023-03-23 17:21:09,16435453.79
350,481,2024-05-29 22:01:00,47823250.73
351,383,2024-12-30 23:39:00,22251156.18
352,504,2023-07-08 14:06:25,15668528.8
353,168,2024-04-30 05:00:24,23687323.82
354,34,2023-07-17 08:14:18,14543839.29
355,948,2024-02-23 00:32:47,4866929.16
356,228,2023-10-04 15:02:18,31773613.57
357,776,2024-11-18 07:23:05,61661445.98
358,182,2023-07-29 02:24:28,11652354.96
359,502,2024-03-25 22:27:59,20286613.93
360,888,2024-12-05 11:49:44,32545117.04
361,438,2024-04-13 08:59:06,16511715.88
362,623,2024-02-19 01:31:22,28812975.06
363,404,2024-01-25 11:23:32,9545041.01
364,609,2024-09-18 20:49:24,39524605.88
365,657,2024-07-03 19:07:23,18994663.19
366,534,2024-12-22 01:24:07,31810338.09
367,468,2023-04-22 16:26:33,26355764.29
368,532,2023-02-13 08:56:47,22876796.69
369,753,2024-07-04 14:24:13,13701265.28
370,397,2023-02-10 20:18:18,7296793.65
371,986,2024-06-12 22:57:40,26201960.3
372,299,2023-02-20 06:54:44,43338657.97
373,906,2024-03-26 14:29:31,7853068.2
374,473,2023-11-08 10:24:35,35984322.43
375,302,2023-06-20 15:22:52,52354955.28
376,707,2024-09-19 01:59:09,18781531.07
377,475,2024-06-13 05:10:43,5183407.59
378,93,2024-10-23 16:26:44,34849144.28
379,185,2024-05-27 04:07:13,23791019.94
380,139,2024-08-22 19:53:38,8638144.36
381,332,2024-02-07 15:03:26,12115383.48
382,184,2024-04-06 00:54:25,21204601.3
383,919,2024-04-09 21:29:33,4975035.25
384,904,2024-12-30 07:21:07,32845943.89
385,257,2024-04-10 03:17:00,23659791.54
386,929,2023-11-28 23:36:50,10456156.54
387,736,2024-12-29 05:58:15,21063902.79
388,117,2023-05-07 03:19:12,27128091.99
389,650,2024-12-24 16:21:43,40926055.41
390,537,2024-01-07 03:06:21,20975994.23
391,745,2024-12-25 13:59:03,30292652.79
392,973,2024-06-07 22:17:05,17020413.25
393,564,2023-06-13 13:47:14,1771439.24
394,787,2024-01-25 01:35:54,47523277.59
395,580,2023-06-24 12:12:14,38008386.07
396,167,2024-11-06 05:27:52,60793648.2
397,788,2023-05-29 06:30:44,26565241.47
398,430,2024-12-30 01:52:05,22444252.87
399,748,2023-11-12 11:16:09,20932835.86
400,642,2024-04-01 10:30:51,29135652.19
401,921,2023-07-05 04:16:48,3306046.32
402,4,2023-05-15 07:23:08,9700712.11
403,13,2024-09-29 09:12:55,47699463.58
404,876,2024-04-14 18:07:05,35310967.54
405,827,2024-05-25 19:47:17,6953604.28
406,904,2023-01-06 22:08:09,6109873.37
407,223,2024-05-20 08:39:39,27424984.01
408,465,2024-08-25 17:19:12,30200122.27
409,82,2024-02-24 16:05:17,42667417.38
410,7,2024-09-07 21:50:56,18376904.28
411,285,2023-09-08 19:55:41,18311420.32
412,571,2024-09-26 22:53:16,2193942.76
413,190,2023-08-01 01:46:51,248830.9
414,669,2023-06-01 02:00:17,18550305.24
415,149,2023-12-24 01:20:13,49542889.49
416,859,2023-02-03 21:02:51,69072254.66
417,340,2024-09-09 10:51:57,1146564.64
418,112,2023-03-31 01:47:06,22867149.43
419,166,2024-03-02 06:29:23,9831976.1
420,626,2024-11-19 10:21:14,50127035.02
421,587,2024-11-07 21:39:43,1906199.97
422,990,2024-07-29 06:27:34,48014181.38
423,369,2024-04-11 21:04:46,17766481.39
424,787,2023-02-06 03:23:26,12943657.84
425,378,2023-11-03 11:45:12,5462251.71
426,777,2024-01-24 02:27:49,55876047.96
427,67,2024-03-13 20:02:31,21432951.88
428,138,2023-10-27 17:08:30,3090639.77
429,338,2023-05-05 09:59:28,8353619.28
430,538,2024-06-23 15:03:52,1826242.72
431,627,2023-08-03 07:36:40,16034441.74
432,586,2023-03-01 03:58:46,1449377.04
433,90,2024-10-06 19:15:30,2496345.05
434,957,2024-05-10 22:01:09,10844479.92
435,438,2024-12-24 10:27:22,26891062.19
436,266,2024-09-15 11:31:22,13016355.87
437,639,2024-06-22 20:56:25,16642873.06
438,630,2023-12-29 04:43:21,55602615.66
439,533,2024-07-30 18:04:23,36442246.22
440,505,2024-10-09 18:07:19,34810673.05
441,239,2023-07-04 22:11:16,18250082.78
442,199,2024-12-26 10:34:34,13370082.2
443,25,2023-01-02 04:18:13,5967581.94
444,816,2024-04-21 22:46:20,54294064.43
445,819,2023-05-01 07:32:55,7131456.6
446,424,2024-09-22 15:05:46,31503308.52
447,359,2023-02-16 12:09:10,29209782.05
448,218,2024-07-27 23:12:38,9970030.96
449,207,2023-01-12 23:19:27,23017072.82
450,261,2024-12-07 10:15:13,373120.44
451,308,2023-03-11 11:12:20,31188964.99
452,332,2024-06-02 20:01:28,9251247.05
453,703,2023-01-07 04:08:40,3772979.3
454,406,2023-12-08 12:25:42,37823402.36
455,984,2024-08-05 22:25:39,32111515.41
456,199,2023-01-30 06:23:40,17982181.14
457,945,2023-12-05 12:18:14,9172298.95
458,939,2024-11-19 17:26:37,30531421.63
459,662,2024-04-30 01:17:40,15015899.12
460,160,2023-05-20 17:31:50,26111360.66
461,914,2024-10-04 16:46:14,7076278.17
462,474,2024-07-03 12:12:03,18081977.13
463,856,2024-02-28 02:02:22,44601439.45
464,579,2024-06-17 10:53:55,14953706.87
465,569,2024-11-25 11:29:13,42785715.22
466,214,2024-07-02 00:40:53,5406802.9
467,819,2024-08-14 12:04:39,12371123.68
468,993,2023-12-29 02:24:38,31154952.33
469,861,2023-06-02 10:12:40,34131014.32
470,385,2023-02-01 12:20:53,26851091.15
471,863,2024-10-03 19:27:08,46783455.37
472,621,2023-06-19 20:47:19,34596439.58
473,610,2024-02-03 06:49:20,12004454.55
474,723,2023-04-30 11:13:27,22850861.53
475,279,2023-11-19 01:09:05,40012803.94
476,509,2024-02-28 03:09:36,17518436.23
477,463,2023-09-01 13:31:44,21511404.36
478,538,2023-11-06 07:52:09,20284029.22
479,115,2023-11-06 06:22:19,11405275.04
480,797,2024-01-19 01:21:41,12298785.32
481,455,2023-07-26 03:22:17,21361967.04
482,819,2024-06-02 00:54:28,26499672.48
483,158,2024-05-09 18:12:23,19082531.9
484,946,2023-07-14 12:22:59,16259468.7
485,318,2024-05-10 19:03:52,368099.16
486,788,2023-12-02 05:13:01,21734763.19
487,693,2023-04-11 18:47:32,17271485.8
488,742,2023-05-16 07:28:14,48189804.01
489,397,2023-02-07 16:43:30,5128673.4
490,119,2024-12-31 19:01:04,26315026.79
491,955,2023-01-05 11:19:20,31402288.56
492,893,2023-02-15 21:38:14,34653733.59
493,479,2023-03-31 12:08:04,21742512.85
494,534,2023-02-17 03:45:13,15968973.73
495,24,2024-11-05 11:22:37,39464341.2
496,655,2024-08-14 11:21:53,10146260.64
497,206,2023-08-03 11:40:58,19226957.4
498,284,2023-07-17 10:26:00,16487830.97
499,792,2024-06-29 11:37:11,22902511.85
500,280,2024-03-27 04:17:00,30087557.88
501,281,2023-06-02 05:44:03,22722375.1
502,982,2023-04-28 00:33:19,28000435.59
503,527,2024-09-29 20:22:31,16416459.83
504,556,2023-04-15 07:31:16,11513128.64
505,327,2023-12-25 20:00:06,23354106.76
506,966,2023-10-05 05:09:14,4104613.06
507,588,2024-12-22 10:18:48,5878620.32
508,73,2023-09-08 06:14:09,29974522.57
509,914,2023-11-15 22:19:41,22965683.73
510,455,2023-12-13 19:40:54,5567389.64
511,30,2023-02-21 04:44:09,24265532.24
512,109,2024-04-27 01:50:13,39129561.89
513,89,2024-01-28 01:57:31,2643297.95
514,184,2024-03-12 14:16:09,26339933.65
515,913,2024-12-22 21:42:14,34900756.38
516,857,2024-08-29 22:55:05,12694447.74
517,632,2024-12-07 16:13:56,32280037.65
518,341,2023-12-31 11:22:32,23802839.24
519,81,2023-07-22 19:25:24,24204122.82
520,135,2024-04-21 20:40:21,14803519.56
521,100,2023-04-06 17:02:57,8438405.72
522,701,2024-04-11 11:18:03,48476913.57
523,482,2024-10-21 16:56:40,33535015.72
524,148,2023-08-26 08:08:53,30798383.96
525,935,2024-09-23 09:23:43,12118744.61
526,188,2024-01-08 14:16:30,45134074.05
527,808,2024-12-17 12:01:36,29931127.95
528,500,2023-11-29 16:30:12,24753173.73
529,487,2023-01-31 02:22:47,33772579.64
530,491,2023-04-26 12:47:44,20238066.3
531,290,2024-04-17 06:13:07,635380.64
532,589,2023-12-23 22:00:25,21136184.46
533,106,2023-05-11 18:29:37,7928703.67
534,334,2024-02-20 03:53:42,35451809.01
535,73,2024-07-23 23:38:44,37766625.2
536,473,2023-11-06 19:23:48,37396236.2
537,424,2024-02-15 21:30:02,12098330.46
538,250,2023-09-02 22:36:19,40184474.22
539,998,2024-07-15 05:47:23,10595697.08
540,68,2024-05-08 13:58:27,42742444.13
541,834,2023-12-15 07:34:54,14378312.63
542,442,2024-12-11 21:30:59,54212459.1
543,807,2024-03-21 20:39:05,13315803.77
544,711,2023-12-17 19:49:32,43104839.16
545,679,2023-08-30 06:18:06,25989797.66
546,758,2024-11-16 02:50:09,33337399.13
547,857,2024-12-29 20:54:20,43178858.69
548,607,2024-05-13 04:09:44,22237324.78
549,334,2024-09-02 16:51:14,6427953.92
550,842,2024-07-22 03:33:19,5461952.13
551,316,2024-03-31 06:24:51,30103257.62
552,613,2024-02-20 02:32:03,19250556.99
553,790,2023-04-22 21:42:52,27552130.5
554,507,2024-01-24 11:55:14,41475939.78
555,93,2024-10-22 02:14:18,47762017.7
556,909,2023-08-11 05:03:28,8641177.85
557,830,2024-08-17 23:09:39,17494068.13
558,677,2023-01-01 05:20:31,11141923.06
559,545,2023-06-02 16:29:32,11146159.85
560,631,2023-10-26 14:11:55,1927831.71
561,201,2024-08-14 16:16:50,39649233.39
562,307,2023-07-30 11:31:37,21184109.68
563,941,2024-08-06 11:05:17,10710797.9
564,92,2024-03-21 12:32:03,21537085.2
565,627,2024-08-19 00:17:44,34064333.38
566,868,2024-06-06 14:42:58,33169022.03
567,64,2023-05-11 10:42:39,10169827.13
568,992,2024-01-14 19:59:03,41239447.39
569,721,2023-02-24 00:01:50,28426252.23
570,113,2024-07-27 13:04:46,53278450.4
571,241,2023-10-16 01:08:07,23693520.39
572,404,2024-03-18 21:29:13,7312682.57
573,729,2024-10-02 11:34:57,21757874.61
574,391,2024-01-27 14:46:59,27499261.58
575,217,2024-03-21 19:50:49,37325168.95
576,487,2024-11-09 06:18:49,37164175.9
577,569,2023-05-23 06:51:11,38576935.54
578,861,2024-01-29 13:07:03,1880218.08
579,296,2024-03-03 05:37:00,13018691.75
580,138,2024-11-17 04:34:15,27420058.86
581,664,2023-01-12 02:36:43,7131456.6
582,739,2023-01-17 05:14:33,24000100.37
583,448,2024-05-13 23:57:15,1057411.22
584,141,2023-05-20 03:04:57,1608324.94
585,881,2024-10-19 15:08:27,12377444.2
586,953,2024-04-11 22:00:23,1892076.15
587,185,2024-03-11 22:41:30,42516649.21
588,435,2024-04-10 18:32:50,25686961.92
589,394,2024-07-19 16:23:08,52240650.13
590,191,2023-12-30 08:13:08,14415480.27
591,8,2024-03-10 22:00:42,22490595.85
592,868,2024-08-14 18:08:14,5139019.46
593,276,2023-08-31 18:16:02,21450714.27
594,591,2024-02-25 19:53:07,7684218.9
595,39,2024-01-11 01:13:05,38327837.98
596,722,2024-08-04 17:35:42,9893963.31
597,595,2024-01-13 04:07:12,5894228.97
598,146,2024-05-08 02:54:54,23548568.35
599,477,2024-06-23 10:10:24,42686523.54
600,536,2024-06-13 02:50:54,55293271.03
601,252,2024-09-16 03:13:12,32040166.67
602,760,2024-04-28 22:57:42,1483802.49
603,701,2024-11-10 02:50:34,34523391.04
604,818,2024-10-10 19:37:53,20166344.59
605,628,2024-08-16 11:22:39,23443755.24
606,548,2023-02-24 12:30:29,43129480.27
607,465,2023-01-12 17:04:15,23016720.21
608,588,2024-06-08 17:05:03,26813559.62
609,362,2023-12-06 15:19:43,10339238.28
610,172,2023-10-29 10:31:47,22296544.62
611,768,2023-02-06 21:45:33,48154689.77
612,267,2023-11-08 20:31:26,17185724.98
613,485,2023-03-04 22:54:43,4600797.5
614,587,2024-08-15 06:09:21,31589553.04
615,299,2023-02-22 23:53:45,4588298.66
616,294,2024-10-01 00:59:38,6684505.42
617,130,2024-05-11 03:00:14,5284206.77
618,872,2024-06-01 02:47:54,7293454.58
619,136,2023-10-12 09:10:36,8058296.12
620,282,2024-09-22 10:13:47,4105469.54
621,760,2023-09-21 00:31:01,20878165.23
622,179,2023-04-25 21:59:04,23817697.97
623,675,2024-08-28 05:30:09,43513688.5
624,828,2024-04-02 13:27:46,13244621.35
625,802,2023-06-29 09:30:42,17106965.83
626,497,2024-12-18 08:35:58,24706189.61
627,883,2023-07-05 19:12:05,8042889.6
628,87,2023-02-03 12:28:57,11725289.88
629,957,2023-05-29 21:40:59,20662053.64
630,771,2023-06-07 18:03:24,25064506.02
631,244,2024-02-27 13:57:02,10928767.36
632,744,2024-11-07 16:01:35,26010759.49
633,216,2024-10-14 06:05:26,9882974.84
634,56,2024-08-14 12:33:49,31781608.62
635,774,2024-10-19 09:37:34,15160703.99
636,172,2023-04-29 01:54:44,64033005.92
637,488,2024-04-20 14:31:04,33364576.24
638,765,2023-11-05 17:20:25,32405348.0
639,389,2024-06-29 08:30:26,36412058.99
640,486,2024-11-30 14:12:07,15685838.85
641,544,2023-09-26 05:17:05,23349912.72
642,296,2024-03-21 00:25:54,23579620.79
643,695,2024-04-04 13:54:30,38301668.74
644,700,2023-11-20 19:18:21,5471806.72
645,940,2023-02-12 03:32:41,32445883.84
646,363,2024-06-28 23:12:28,16952185.45
647,941,2024-03-18 22:13:37,27949707.85
648,344,2024-10-29 09:55:28,10932694.17
649,822,2023-10-04 09:43:27,4538121.7
650,671,2023-04-11 09:17:48,26224437.14
651,473,2024-08-21 14:14:29,30200401.87
652,752,2024-11-22 08:48:12,24215084.9
653,789,2024-11-19 21:26:05,21345296.52
654,346,2023-07-19 18:55:51,14297177.81
655,321,2024-11-24 06:33:02,26733857.05
656,689,2024-07-14 00:23:06,34456605.15
657,13,2023-01-09 02:28:26,52013646.89
658,538,2024-02-26 03:33:25,13195159.82
659,360,2023-04-17 16:14:10,24457871.15
660,258,2023-08-13 10:18:52,23933289.01
661,25,2023-07-17 01:14:21,11889348.45
662,59,2024-09-26 03:20:50,24175160.48
663,916,2024-08-31 23:54:22,36747655.86
664,654,2023-08-11 21:49:22,5445579.12
665,89,2023-05-05 04:22:05,16799691.68
666,385,2024-09-11 04:43:47,13764272.32
667,580,2024-11-03 23:35:22,11077248.29
668,713,2023-07-09 04:02:08,24183919.76
669,302,2023-07-08 09:13:25,47211251.94
670,655,2024-04-23 02:45:24,22396240.49
671,788,2024-04-09 10:03:46,14826064.5
672,264,2024-03-13 11:46:29,10267483.07
673,284,2023-06-15 02:41:38,27720842.28
674,398,2023-03-05 13:56:14,19554719.56
675,265,2023-12-07 02:11:12,1582585.2
676,452,2023-09-29 06:28:41,3969739.25
677,951,2023-03-13 17:54:10,36769891.74
678,403,2023-07-25 22:13:13,20818149.08
679,504,2023-07-02 23:30:04,28663692.11
680,554,2023-04-22 05:14:17,22257710.73
681,629,2024-03-17 07:57:04,32931687.96
682,935,2024-10-20 03:52:06,5741712.8
683,106,2024-03-28 09:25:47,35748526.81
684,73,2023-02-05 02:39:17,47463973.58
685,796,2024-08-08 09:07:26,9135113.31
686,919,2024-04-01 00:40:59,20929778.81
687,669,2024-05-24 05:25:10,4477366.74
688,956,2024-10-17 00:01:53,22824572.41
689,273,2023-02-08 14:13:01,5239989.73
690,927,2023-06-05 12:00:31,13305548.41
691,4,2024-02-05 20:55:19,39098799.18
692,490,2024-06-11 17:51:54,18802719.4
693,865,2024-03-22 14:42:21,16167933.36
694,232,2023-03-13 19:39:55,25178135.15
695,978,2023-01-04 13:59:47,26927353.26
696,125,2024-12-06 17:33:05,21709548.31
697,958,2024-08-03 19:29:23,5283097.5
698,699,2024-01-03 12:08:24,48651762.57
699,57,2023-11-07 14:35:09,51993067.05
700,93,2024-10-09 23:33:33,31173235.88
701,874,2024-01-10 19:27:54,3290916.04
702,862,2023-12-15 02:55:45,21526628.8
703,664,2024-04-15 10:33:25,7496974.35
704,568,2023-07-27 06:25:49,6406732.98
705,677,2023-02-10 13:59:13,23872857.14
706,713,2023-07-15 10:52:53,46668575.37
707,646,2024-02-04 03:53:14,9536248.84
708,499,2024-12-06 13:04:49,12211711.67
709,449,2023-03-28 23:02:21,20209032.99
710,37,2023-07-14 05:05:42,37123028.47
711,738,2023-07-17 00:55:24,3764703.78
712,501,2024-08-30 08:40:58,9837674.4
713,812,2024-02-03 02:17:36,7852796.12
714,316,2024-07-07 23:25:32,21204908.0
715,989,2024-05-26 19:26:24,30961410.77
716,38,2024-04-05 00:35:51,9943105.48
717,346,2023-12-14 02:02:27,3391032.84
718,122,2023-02-13 14:45:50,20221211.7
719,684,2023-08-05 23:48:21,4849725.04
720,963,2024-06-19 16:41:19,51202340.93
721,153,2024-11-25 19:32:08,33962419.4
722,948,2024-08-16 08:28:57,52742986.95
723,754,2023-03-15 01:20:33,974636.1
724,670,2023-05-25 17:48:00,20927359.65
725,929,2023-01-20 17:09:23,2545861.35
726,249,2024-09-25 01:40:03,22786884.38
727,134,2024-12-19 23:37:17,35210512.82
728,648,2023-01-15 06:16:17,25919040.28
729,841,2023-02-21 11:11:23,9951552.32
730,626,2023-04-10 16:36:33,47286985.33
731,66,2023-06-24 21:31:09,31355840.03
732,510,2023-04-19 04:09:25,28319039.53
733,226,2024-09-01 22:24:51,16748091.88
734,437,2023-03-06 07:22:40,17043348.2
735,333,2023-12-12 14:38:12,32393485.45
736,559,2023-05-04 20:58:13,3737218.28
737,857,2023-05-21 11:42:31,6376010.58
738,608,2023-08-07 01:39:35,5451057.24
739,65,2023-06-27 12:12:55,34639492.9
740,145,2023-05-04 09:58:19,14504083.92
741,714,2024-03-01 06:07:06,30885914.17
742,169,2024-01-14 20:08:56,39934538.79
743,948,2024-03-25 08:52:14,18381064.88
744,137,2024-08-18 01:28:54,4158422.22
745,628,2023-04-13 23:01:03,34578324.93
746,17,2024-01-21 05:44:37,16284728.06
747,7,2024-05-13 02:56:20,25830832.49
748,949,2023-01-08 06:31:56,24528230.7
749,608,2023-04-02 23:43:46,17244650.32
750,711,2023-10-18 15:09:15,17006701.53
751,212,2024-05-02 04:37:12,30554359.15
752,278,2023-05-27 23:17:43,9002102.67
753,422,2024-06-19 16:23:57,35972115.77
754,626,2023-09-02 06:21:18,40458585.47
755,611,2024-12-09 01:22:11,14582395.75
756,627,2023-07-04 18:12:01,19817269.57
757,847,2023-04-01 22:50:07,31825289.33
758,429,2023-11-05 12:39:53,19822602.26
759,242,2023-01-05 20:18:20,24183212.0
760,543,2023-07-16 04:16:41,19318357.67
761,371,2023-04-08 22:32:03,28838786.14
762,225,2024-07-06 18:28:44,30845265.52
763,676,2024-04-20 22:48:31,11287626.21
764,55,2023-08-02 10:03:51,12999353.34
765,816,2023-07-18 04:06:09,18587420.86
766,510,2023-06-02 17:16:22,4194026.28
767,687,2023-06-30 05:49:00,43730022.06
768,661,2023-02-14 01:58:01,39765808.22
769,215,2024-01-08 10:22:43,41025375.83
770,343,2024-03-21 09:09:09,7548614.81
771,45,2024-09-23 16:29:54,54771018.56
772,948,2023-04-17 01:54:35,17757245.6
773,162,2024-07-04 06:24:13,29051890.43
774,528,2023-01-30 17:39:37,1582585.2
775,917,2023-04-29 02:34:47,19734801.97
776,607,2023-08-29 16:11:43,23935568.05
777,430,2024-08-16 11:52:05,11140438.73
778,236,2023-07-23 11:51:28,1809856.62
779,234,2023-04-23 11:52:26,19597661.34
780,756,2023-04-11 08:37:59,10540927.29
781,385,2024-02-27 07:16:48,2886083.16
782,483,2023-08-14 02:40:37,8504060.28
783,56,2024-08-22 17:38:12,11937187.44
784,222,2024-03-22 05:16:37,2603244.01
785,183,2024-09-16 16:33:56,21530706.28
786,140,2024-02-01 13:35:53,4985816.04
787,648,2024-04-13 07:04:08,29509866.06
788,208,2024-01-03 09:49:09,14439146.24
789,33,2023-12-10 04:37:53,49922219.76
790,62,2024-12-09 20:42:16,30383230.33
791,114,2023-10-15 04:58:11,33863767.52
792,429,2024-04-21 16:41:46,13323055.6
793,226,2023-06-25 12:30:33,4147832.64
794,161,2023-10-30 21:58:39,32245315.22
795,928,2024-10-15 22:15:54,30208912.1
796,994,2023-06-24 21:02:55,35023760.04
797,89,2024-07-20 08:21:47,10027815.89
798,501,2024-02-26 18:59:49,19192993.59
799,485,2023-08-10 21:32:19,50361711.08
800,15,2024-04-18 10:09:51,62610889.77
801,254,2024-03-14 08:58:49,30492535.32
802,594,2023-12-02 15:48:37,17773791.43
803,969,2023-08-16 21:32:44,21098621.39
804,920,2023-06-02 20:53:16,21826801.85
805,46,2023-01-06 15:12:38,38810406.93
806,752,2023-02-11 17:08:09,340539.45
807,436,2024-05-31 01:13:26,10402126.15
808,491,2024-06-27 14:21:24,13464446.79
809,464,2024-12-14 03:34:04,42197936.7
810,86,2024-05-22 08:45:24,5741278.95
811,710,2024-07-25 00:27:08,7070309.18
812,136,2024-02-21 07:56:14,14859453.53
813,245,2024-01-03 10:46:09,18519841.91
814,17,2024-10-25 03:18:12,38321523.17
815,166,2024-05-06 11:05:55,29856660.19
816,879,2024-12-21 16:43:19,24872019.13
817,25,2024-08-07 21:15:01,41014905.04
818,791,2024-04-10 16:53:06,15957379.38
819,190,2023-05-22 14:45:31,9679130.6
820,476,2024-01-15 22:49:17,12391080.07
821,2,2024-12-21 23:03:41,3032688.21
822,395,2024-10-04 02:34:26,41775127.69
823,544,2024-12-08 12:07:14,7358969.04
824,437,2023-02-03 10:47:54,27266221.35
825,556,2023-10-04 22:18:01,28246714.34
826,807,2024-08-12 07:32:31,9180136.95
827,636,2024-12-02 02:56:51,35047148.71
828,528,2023-12-10 01:59:44,44683974.48
829,910,2024-11-21 13:15:08,15366328.99
830,393,2023-02-22 04:02:24,33301109.97
831,634,2024-01-10 16:56:34,6422199.8
832,376,2023-02-11 13:18:36,30919613.99
833,573,2023-06-29 23:35:57,3751384.16
834,575,2024-12-22 02:26:22,136215.78
835,142,2024-12-27 07:27:12,18612362.53
836,553,2023-12-09 08:41:18,27240343.88
837,490,2023-04-27 23:37:50,13280566.36
838,772,2024-08-17 07:38:18,27289824.88
839,362,2023-08-19 11:40:03,15296203.32
840,697,2023-10-01 18:20:03,7050574.12
841,56,2024-03-09 10:05:25,31874368.28
842,354,2023-03-06 13:34:25,3619915.88
843,514,2024-04-08 17:42:10,40247530.23
844,482,2024-06-23 04:28:03,36718801.08
845,695,2024-12-27 19:21:57,19927924.11
846,463,2024-06-29 10:38:27,19995842.67
847,820,2024-09-27 13:24:13,24061468.82
848,193,2024-11-20 02:23:21,7652037.28
849,83,2024-04-13 03:10:43,21018979.71
850,296,2024-02-05 06:30:37,5517258.6
851,169,2023-03-20 03:58:54,29985266.1
852,714,2023-10-10 04:04:43,38303119.43
853,155,2023-06-01 18:04:14,26034698.61
854,975,2023-07-29 18:57:27,26833214.95
855,301,2024-10-04 00:49:34,34289669.79
856,955,2024-03-02 19:42:46,9816981.52
857,356,2023-05-16 17:15:15,15686353.5
858,756,2024-03-06 16:09:37,62145525.19
859,299,2024-10-22 00:46:55,31684974.27
860,23,2023-07-13 02:17:30,31496589.49
861,661,2023-08-26 18:55:07,20003846.77
862,593,2023-12-10 14:59:21,60071951.68
863,662,2023-12-18 23:52:31,25963635.08
864,608,2023-12-01 17:42:00,12250406.97
865,863,2024-11-12 19:18:09,40057188.95
866,469,2024-07-15 16:12:40,5578256.0
867,136,2023-11-08 20:39:10,38485876.66
868,809,2023-11-10 06:15:09,39345157.83
869,496,2023-09-24 08:15:24,51402398.04
870,789,2024-01-16 10:29:27,34719941.4
871,362,2023-02-18 05:24:03,14233357.92
872,980,2023-10-19 16:35:59,14596378.78
873,947,2023-06-20 22:31:25,2634479.48
874,293,2023-06-14 19:29:25,2649076.16
875,860,2023-07-06 06:23:04,1925392.61
876,166,2024-12-26 05:35:17,8028994.52
877,43,2023-09-01 04:15:24,49642195.73
878,130,2023-11-21 20:55:04,25206598.07
879,379,2024-03-27 09:28:52,6406868.58
880,576,2023-07-08 07:28:10,26713304.95
881,682,2024-12-25 01:15:46,2537986.92
882,152,2023-11-21 12:31:08,9437970.36
883,553,2024-01-17 16:19:36,38064806.85
884,309,2023-06-16 19:25:45,8628506.22
885,415,2023-05-05 00:54:26,4499943.91
886,971,2024-05-26 05:17:35,30737803.13
887,160,2024-04-14 11:39:31,10618643.66
888,1000,2023-01-05 19:53:04,383404.12
889,663,2024-06-03 12:03:41,38229096.74
890,486,2024-12-23 10:45:39,19746521.21
891,683,2023-10-24 20:53:19,20559965.52
892,747,2023-05-31 20:34:46,46277661.97
893,706,2024-03-28 12:19:52,1466318.28
894,922,2023-04-26 17:26:21,28978365.69
895,695,2023-02-11 05:04:34,28187369.6
896,316,2024-07-18 04:15:19,18198774.36
897,633,2023-01-26 14:37:22,29714689.59
898,366,2023-08-14 16:14:14,51035169.18
899,57,2023-04-05 11:52:57,21250108.62
900,200,2024-09-14 23:20:58,24099840.27
901,228,2024-08-20 19:10:00,47776558.37
902,24,2023-10-12 07:07:32,25648448.59
903,870,2023-03-27 19:36:10,18081191.68
904,1000,2024-04-01 03:10:52,1837175.92
905,200,2024-06-08 14:21:37,49120642.07
906,618,2024-05-17 11:34:09,10437845.04
907,967,2024-09-11 18:37:30,3764420.48
908,408,2023-02-27 13:08:45,17182686.92
909,379,2023-06-01 15:34:11,6529941.32
910,13,2024-01-31 13:34:27,54685234.96
911,360,2023-10-19 12:33:29,12046142.16
912,896,2023-11-12 16:13:22,40205831.75
913,221,2024-07-28 03:11:21,32304275.2
914,823,2024-03-30 15:07:54,4011433.28
915,168,2024-03-29 10:30:31,8380984.24
916,143,2024-03-10 15:04:49,6575751.1
917,89,2024-08-24 21:46:12,43106806.1
918,311,2023-05-28 07:33:54,18209834.08
919,344,2024-05-01 19:07:32,14417681.86
920,775,2023-03-09 21:30:21,26642865.59
921,7,2024-01-20 03:13:13,19714483.4
922,937,2024-02-24 23:15:29,24220872.98
923,180,2023-10-07 15:05:31,19002275.44
924,728,2024-07-23 16:49:30,2272325.49
925,205,2024-08-04 04:59:07,11901034.67
926,297,2023-07-10 13:53:59,19480912.86
927,44,2024-07-21 17:51:42,4190585.31
928,312,2023-11-06 21:18:24,11607424.86
929,758,2024-05-20 20:21:46,2781810.56
930,28,2024-04-19 08:10:28,8617686.18
931,269,2023-01-03 05:36:28,47779013.12
932,855,2023-11-04 23:19:18,10428586.95
933,128,2024-10-13 17:12:16,18212701.85
934,428,2024-10-31 10:28:27,17986685.25
935,929,2023-07-03 17:54:32,700098.04
936,251,2024-12-05 23:28:33,26882141.57
937,784,2023-01-30 04:20:44,31786709.5
938,994,2023-10-11 17:57:05,26954407.02
939,764,2023-03-10 21:48:17,10352315.26
940,493,2024-01-06 21:09:21,13231110.74
941,890,2024-08-02 15:52:36,22951466.29
942,703,2023-09-22 22:51:52,29442817.84
943,383,2024-05-02 04:21:14,40482610.8
944,18,2024-06-08 20:56:40,20840786.34
945,596,2023-09-23 05:55:44,56981580.28
946,328,2023-03-01 05:19:14,16963926.4
947,366,2024-04-17 04:55:59,13355241.87
948,280,2023-06-17 01:55:32,24288079.54
949,652,2024-01-05 15:16:26,36070654.31
950,297,2023-12-31 01:46:25,36477537.0
951,655,2023-10-26 19:16:57,41383061.62
952,199,2023-03-20 18:42:33,22196999.62
953,784,2024-10-05 06:40:18,4237390.1
954,771,2023-04-07 21:48:00,3892014.99
955,331,2023-06-21 19:47:45,4079703.76
956,278,2023-11-20 10:57:42,10723481.9
957,99,2024-12-02 13:11:56,15762239.15
958,361,2024-07-01 21:07:07,13287478.39
959,141,2023-05-28 00:28:10,19333346.73
960,382,2024-06-14 10:14:45,40191606.1
961,349,2024-05-11 15:00:00,8836569.52
962,224,2023-06-16 03:43:44,21849016.49
963,227,2023-06-08 18:19:39,689247.48
964,629,2023-07-12 20:20:24,38948354.2
965,867,2024-12-07 19:08:18,45857510.22
966,720,2024-06-28 20:03:55,20646254.45
967,472,2023-04-27 15:11:42,15772177.79
968,839,2023-03-20 04:14:38,15948531.2
969,492,2023-05-15 00:37:57,47207077.75
970,708,2023-12-23 11:20:38,6796316.1
971,837,2024-01-07 05:03:40,20050715.93
972,536,2024-03-28 21:45:35,17360039.31
973,727,2023-12-17 06:16:11,19772927.25
974,763,2023-11-08 01:02:49,23540064.4
975,132,2023-05-02 08:05:44,6565136.35
976,705,2024-12-11 05:10:59,16131107.28
977,129,2023-08-21 11:11:35,14073530.24
978,81,2023-08-03 04:44:27,328322.01
979,80,2024-03-11 04:04:03,43568232.4
980,776,2023-01-20 17:37:52,16773577.8
981,202,2024-03-17 01:32:52,35263026.07
982,813,2023-04-21 01:11:38,16907118.78
983,608,2024-11-06 18:41:42,8063134.15
984,122,2023-03-02 17:04:43,3125735.33
985,68,2023-09-17 01:34:32,1056324.58
986,773,2023-11-05 00:22:26,5039641.23
987,943,2023-04-09 04:30:25,7288896.73
988,602,2024-09-08 07:28:42,2961670.42
989,687,2023-07-24 06:43:39,7268525.64
990,93,2023-12-26 01:03:55,4920068.21
991,972,2023-05-30 10:05:56,35096443.82
992,361,2024-08-16 12:39:51,27598553.52
993,800,2023-06-14 18:13:39,23938171.57
994,518,2024-09-19 08:48:16,3525644.67
995,102,2024-08-06 02:29:17,15201708.26
996,542,2024-08-15 00:30:32,23938345.6
997,988,2023-08-11 06:58:26,19172040.1
998,924,2023-10-16 06:15:14,29198999.36
999,997,2024-07-04 00:09:27,60509329.45
1000,943,2023-04-12 07:47:31,41461163.33
1001,376,2024-05-31 17:17:01,17817375.16
1002,190,2024-12-15 21:27:31,5580391.89
1003,186,2024-03-26 03:54:27,21774744.16
1004,435,2023-12-30 13:49:16,27223089.29
1005,234,2023-08-08 18:43:23,19961227.36
1006,780,2024-02-22 04:06:30,21929748.32
1007,478,2023-11-18 04:30:02,14656966.89
1008,140,2023-04-23 18:55:21,8612799.67
1009,722,2024-05-22 13:09:09,12818591.74
1010,740,2023-10-23 20:17:04,32609785.13
1011,336,2023-02-11 02:59:40,12039903.81
1012,395,2024-05-20 04:12:47,17388053.82
1013,615,2023-10-18 16:38:12,14262100.09
1014,232,2023-11-16 16:09:50,52081296.68
1015,298,2024-07-21 14:49:43,17913498.71
1016,878,2024-03-14 06:52:24,17062412.76
1017,962,2023-03-13 17:19:07,18701089.75
1018,184,2024-11-26 13:22:41,11935023.09
1019,689,2023-01-14 17:54:01,13281258.94
1020,449,2023-04-18 14:25:52,27205096.72
1021,693,2024-06-19 23:58:37,20026306.03
1022,147,2023-03-29 04:20:26,13840952.28
1023,712,2024-02-09 14:35:10,12845859.92
1024,760,2024-08-27 03:42:12,47396384.38
1025,373,2023-06-22 02:21:21,8938969.06
1026,206,2023-07-23 12:19:45,18758785.11
1027,126,2024-09-01 14:43:10,75290155.74
1028,743,2023-08-27 15:27:46,5732782.48
1029,784,2024-05-26 10:08:25,20467416.85
1030,608,2024-12-31 21:11:13,8130791.44
1031,966,2023-10-07 23:26:28,18351874.48
1032,488,2024-02-14 12:57:54,11892375.72
1033,973,2024-11-13 21:57:38,11533527.08
1034,524,2024-02-19 17:38:28,26926792.01
1035,787,2023-10-13 05:21:56,3884797.75
1036,126,2024-04-10 03:56:00,12642674.16
1037,510,2023-09-14 17:48:58,25198751.18
1038,966,2023-08-25 22:52:41,21659833.93
1039,102,2023-05-18 01:04:55,53946943.0
1040,511,2023-02-24 02:29:02,2112649.16
1041,996,2024-11-25 00:58:26,19049909.01
1042,620,2023-07-03 13:55:52,12661223.04
1043,157,2024-11-26 11:54:14,8483963.34
1044,639,2023-11-07 22:38:42,31744817.96
1045,677,2023-04-09 02:47:09,10249654.34
1046,812,2024-06-16 17:55:12,2413395.65
1047,301,2024-04-22 07:21:07,8428449.44
1048,503,2024-11-08 18:07:40,14240887.99
1049,556,2024-05-31 09:31:36,40981749.89
1050,560,2023-12-18 19:40:48,8468623.17
1051,441,2023-01-19 01:09:01,26815969.17
1052,461,2023-05-02 13:58:03,19353508.33
1053,454,2023-11-19 13:42:07,34046909.36
1054,34,2024-04-15 01:18:36,26946671.55
1055,676,2023-07-01 20:16:03,12396960.07
1056,504,2023-11-07 05:58:34,18039773.93
1057,320,2024-03-17 04:53:47,8732377.0
1058,783,2024-02-03 17:44:51,10407351.55
1059,692,2023-04-23 20:42:40,33981392.13
1060,702,2024-05-17 20:09:45,13081781.87
1061,482,2024-07-06 20:50:00,5427029.35
1062,875,2024-05-02 20:28:15,18956933.13
1063,58,2023-06-10 18:26:52,19047233.67
1064,507,2024-02-05 09:35:23,48459694.36
1065,632,2024-08-28 13:45:18,21481998.95
1066,785,2024-11-23 12:50:37,4099341.36
1067,63,2023-10-19 11:40:06,2176047.92
1068,47,2023-01-29 21:29:53,29584468.06
1069,358,2023-05-12 13:20:26,28525640.01
1070,784,2024-08-20 00:58:45,14835397.48
1071,390,2024-10-02 12:25:29,3299828.87
1072,354,2023-04-10 15:35:18,8065553.64
1073,360,2024-01-01 14:59:52,19839989.13
1074,254,2023-02-27 08:53:31,4879819.42
1075,320,2023-08-29 23:35:45,40752481.1
1076,933,2024-08-29 03:05:33,10128608.42
1077,890,2024-12-05 02:23:05,19426628.17
1078,346,2023-11-09 04:10:03,3946344.63
1079,552,2023-06-23 00:43:03,16867577.4
1080,472,2023-11-30 01:21:39,5262322.31
1081,582,2024-11-04 15:22:54,3623442.6
1082,274,2024-06-11 15:20:03,26518660.51
1083,603,2023-01-21 17:06:04,13158558.84
1084,387,2023-01-23 11:31:26,35536877.04
1085,331,2024-08-07 14:12:37,39538324.13
1086,828,2024-08-09 03:33:29,23376158.38
1087,708,2024-05-15 03:38:34,34773409.48
1088,345,2024-11-22 07:29:48,33676848.56
1089,831,2024-05-23 18:18:18,14106413.3
1090,171,2024-11-14 12:21:44,33198594.96
1091,373,2024-09-21 10:54:18,2602026.83
1092,509,2024-03-22 07:20:44,30169667.46
1093,861,2024-10-12 02:44:32,29828466.73
1094,295,2024-07-02 07:47:39,11118208.33
1095,305,2023-09-29 01:43:50,10657394.84
1096,824,2024-08-10 14:38:14,11720667.4
1097,761,2023-08-20 22:44:23,34767858.63
1098,98,2023-04-05 21:03:04,13526085.03
1099,280,2024-08-29 12:15:50,3472963.4
1100,821,2023-03-10 20:37:22,24903035.09
1101,438,2024-06-27 17:18:14,17694190.47
1102,815,2023-08-03 12:38:43,20415632.4
1103,844,2023-03-20 23:43:18,32470555.49
1104,824,2023-11-06 18:22:24,30624169.12
1105,680,2023-11-04 15:45:42,51755789.3
1106,205,2024-07-06 11:24:31,10401229.6
1107,258,2024-02-29 14:38:50,2514744.81
1108,465,2024-10-01 18:45:50,39674278.21
1109,185,2024-11-18 19:56:10,58827778.17
1110,721,2023-01-20 22:51:32,28759911.2
1111,591,2024-06-12 06:47:30,59561759.03
1112,677,2024-05-26 07:45:12,20154115.2
1113,960,2024-04-23 09:45:18,17937593.95
1114,829,2024-10-15 19:23:44,16608033.61
1115,958,2024-09-21 15:47:29,26215354.37
1116,62,2024-08-02 22:49:10,4395780.44
1117,374,2024-06-18 07:18:19,23580755.38
1118,247,2024-04-18 05:22:45,20728423.59
1119,865,2023-06-04 10:55:57,2997954.26
1120,327,2024-03-21 14:56:13,26250521.31
1121,209,2023-03-07 23:04:50,32468250.83
1122,844,2024-02-27 09:43:07,44790137.65
1123,165,2023-10-21 23:31:18,12075619.74
1124,242,2023-09-20 21:53:24,29402504.73
1125,117,2024-02-20 08:40:58,10258691.57
1126,29,2023-06-03 06:59:14,49316975.47
1127,476,2023-09-09 11:18:23,14324873.36
1128,447,2024-05-12 20:22:57,1667763.9
1129,928,2024-03-08 23:33:13,41214937.96
1130,164,2023-02-07 07:21:15,27890606.98
1131,30,2023-10-07 04:58:02,18040501.04
1132,675,2023-09-22 10:06:48,25801258.63
1133,660,2024-07-17 06:24:26,28965311.71
1134,802,2023-02-13 17:41:20,7304984.6
1135,881,2023-01-21 02:00:51,22461496.18
1136,617,2023-03-27 11:25:44,12104947.78
1137,923,2023-11-02 02:18:53,33754239.47
1138,688,2024-02-21 13:13:56,28217672.21
1139,407,2024-11-04 03:17:16,49655720.68
1140,115,2023-05-24 08:35:38,9779640.06
1141,956,2024-08-07 18:12:48,6884188.65
1142,681,2023-05-04 19:00:14,28534413.23
1143,258,2024-08-17 19:07:26,43614559.27
1144,244,2024-05-23 03:17:09,65156107.34
1145,792,2024-09-06 04:27:07,19586953.06
1146,853,2023-11-17 11:59:20,28352738.64
1147,826,2024-08-21 14:11:51,18682029.22
1148,224,2023-08-30 15:23:46,17160841.17
1149,180,2023-05-28 03:53:20,40461698.31
1150,451,2023-08-08 09:59:45,5352106.41
1151,884,2024-02-23 09:15:32,24614964.87
1152,503,2024-08-26 02:02:10,24619188.59
1153,717,2024-06-30 13:38:33,23305126.04
1154,559,2023-04-26 11:31:22,34241776.24
1155,700,2024-03-09 17:17:20,5448098.34
1156,901,2023-09-10 10:06:43,29401015.05
1157,487,2023-05-29 13:12:58,30575493.96
1158,22,2024-01-12 11:13:12,26837791.36
1159,36,2024-10-22 22:03:25,4158640.12
1160,708,2024-11-09 01:59:26,25746805.88
1161,260,2024-11-18 08:43:34,24506347.49
1162,317,2024-07-19 14:00:22,43963805.57
1163,925,2024-10-16 13:12:40,7214486.64
1164,548,2024-12-02 04:26:37,53416485.57
1165,398,2023-08-31 16:06:26,25448551.5
1166,950,2023-01-09 14:18:28,40658280.85
1167,93,2023-09-19 10:57:18,29225366.22
1168,216,2023-08-30 10:49:43,8834465.53
1169,647,2023-06-14 15:58:40,3535397.91
1170,417,2023-11-21 23:27:46,29870145.82
1171,888,2023-02-04 09:58:38,9676110.84
1172,483,2023-03-24 17:54:07,38088813.43
1173,735,2024-02-27 12:06:50,24484485.16
1174,845,2024-03-08 03:39:19,20629948.8
1175,519,2023-06-14 09:30:05,29333008.33
1176,431,2023-03-09 12:48:38,25739901.4
1177,756,2024-09-08 19:56:31,30113272.4
1178,712,2023-12-01 16:30:09,24329770.48
1179,657,2023-01-29 01:53:48,20164945.1
1180,646,2024-10-18 06:41:23,5302186.29
1181,140,2024-03-30 23:20:30,53689751.1
1182,205,2023-01-04 14:35:15,28932763.23
1183,322,2024-10-05 11:07:28,40319294.96
1184,114,2024-08-12 02:59:38,16752361.24
1185,529,2023-06-11 09:05:16,465276.9
1186,782,2024-12-31 23:38:09,6498819.06
1187,703,2023-05-14 21:37:38,17805729.25
1188,463,2024-02-25 11:37:44,927556.1
1189,267,2024-05-04 04:51:39,26126507.6
1190,847,2023-06-27 21:35:28,13406965.42
1191,204,2023-12-02 10:15:35,1210924.81
1192,377,2023-03-28 15:05:28,55260752.9
1193,898,2023-07-06 14:19:36,5718264.01
1194,230,2024-01-22 20:46:02,2515486.34
1195,946,2023-01-22 00:50:10,13731741.74
1196,627,2024-07-25 23:33:37,35376619.85
1197,929,2024-10-03 08:19:37,26954495.38
1198,204,2023-04-02 16:50:10,18952039.96
1199,51,2023-09-26 06:08:39,29156389.4
1200,440,2024-02-15 22:30:03,28606620.48
1201,153,2024-09-06 09:28:19,28431987.78
1202,175,2023-04-02 13:23:44,9646454.74
1203,15,2024-08-03 04:16:21,9238146.8
1204,792,2024-06-22 15:50:37,34228145.14
1205,122,2024-04-09 17:59:29,34085575.93
1206,196,2023-08-18 07:23:46,27130908.63
1207,765,2023-09-30 10:29:03,21690981.38
1208,134,2024-05-21 13:54:39,1160054.2
1209,615,2024-03-17 07:31:20,5112229.03
1210,745,2023-08-09 10:18:09,19347052.81
1211,429,2024-11-24 06:53:40,13800518.19
1212,812,2023-07-04 14:52:26,41521766.12
1213,298,2023-05-30 01:02:51,27435126.24
1214,633,2023-09-26 08:34:25,21354990.76
1215,379,2024-04-06 09:02:27,35567829.75
1216,470,2024-08-19 23:33:54,2032185.96
1217,481,2023-03-29 00:22:32,2835255.0
1218,998,2023-05-17 11:46:08,29399303.83
1219,704,2024-12-10 14:28:28,15966717.1
1220,726,2023-08-06 13:57:45,14245522.95
1221,263,2024-03-09 21:44:35,24343458.4
1222,571,2023-03-16 03:28:08,55243409.45
1223,341,2023-03-02 01:53:50,55932319.22
1224,931,2023-08-29 17:08:46,32474739.21
1225,962,2023-12-29 22:04:38,30876755.52
1226,727,2024-11-17 21:46:51,32864972.89
1227,260,2023-02-16 00:11:42,47618445.46
1228,391,2024-05-31 22:33:39,7347313.56
1229,688,2023-11-06 14:22:13,6091633.0
1230,992,2024-01-15 04:48:52,7537884.84
1231,595,2024-07-26 01:29:50,7499703.35
1232,174,2023-07-03 09:28:36,24050761.99
1233,953,2024-05-30 17:56:37,37173417.53
1234,136,2023-12-14 17:02:32,30246478.23
1235,728,2023-04-02 11:33:11,22925875.07
1236,146,2024-06-27 15:45:44,2637642.0
1237,321,2023-09-24 04:15:14,19765174.97
1238,512,2023-02-15 04:39:20,10335572.28
1239,949,2023-10-15 13:07:43,17937593.95
1240,925,2024-03-16 10:18:03,36407992.6
1241,850,2023-09-27 22:18:58,12723754.73
1242,321,2023-09-28 18:49:20,30194133.79
1243,324,2024-03-22 06:00:24,18735071.11
1244,570,2024-05-18 05:30:26,25823756.41
1245,818,2024-11-04 23:10:47,32230719.44
1246,194,2024-03-26 01:56:15,26463198.28
1247,236,2023-06-02 01:59:12,262196.62
1248,482,2023-07-07 01:18:20,179277.1
1249,723,2023-09-24 05:57:17,8561233.02
1250,119,2024-04-23 15:53:23,4776099.96
1251,453,2024-05-21 01:29:06,28579949.32
1252,497,2024-01-01 20:25:12,5918696.67
1253,116,2024-04-13 17:56:56,286641.16
1254,358,2023-06-01 04:30:07,4863070.59
1255,890,2023-04-06 07:25:03,15662325.24
1256,855,2023-10-18 06:34:38,28753379.34
1257,843,2023-06-22 18:31:21,24556439.22
1258,913,2023-10-07 20:30:25,11999821.73
1259,218,2024-11-10 21:19:25,31374748.89
1260,539,2024-08-20 00:09:00,35956524.79
1261,427,2024-08-07 06:34:27,12175782.89
1262,787,2023-03-20 08:57:44,15314742.76
1263,909,2024-05-25 03:26:00,3589616.7
1264,292,2023-12-03 00:56:42,22056904.31
1265,404,2024-11-28 04:26:29,47592297.93
1266,952,2024-01-18 21:29:36,11937808.58
1267,158,2023-04-19 11:46:46,1014249.15
1268,472,2023-01-30 02:57:05,43256729.09
1269,465,2024-12-25 17:28:15,36601326.97
1270,609,2024-10-05 09:48:20,17441828.83
1271,338,2024-11-04 00:12:40,28957791.32
1272,638,2023-02-14 23:53:25,27601545.96
1273,971,2024-04-08 11:49:47,8453153.25
1274,217,2024-08-05 04:42:30,6760014.21
1275,290,2023-02-19 23:26:03,34717599.45
1276,762,2023-11-27 02:01:19,34078093.8
1277,975,2023-03-14 19:55:16,41751787.3
1278,95,2024-09-08 13:53:09,24843241.06
1279,183,2024-02-13 09:17:24,7504543.2
1280,92,2023-09-03 14:31:26,8656936.3
1281,167,2023-01-22 07:34:52,17226531.96
1282,292,2024-02-02 14:39:02,53132628.41
1283,158,2024-10-24 23:48:49,11985900.5
1284,503,2023-05-04 10:52:11,20871454.71
1285,926,2024-03-18 11:17:25,30430490.78
1286,135,2024-12-02 21:58:23,6402121.14
1287,853,2024-01-03 03:29:57,2041751.25
1288,205,2024-01-12 18:39:54,63185063.41
1289,907,2024-05-16 16:13:05,15889271.6
1290,275,2024-02-02 17:20:47,25310895.1
1291,434,2024-07-30 21:51:27,7851800.93
1292,831,2023-04-03 15:23:02,20561369.08
1293,191,2024-01-13 22:21:00,1641253.5
1294,437,2024-03-20 22:57:45,30682820.96
1295,526,2023-04-06 01:28:20,36689710.02
1296,693,2023-12-16 16:52:35,26947733.85
1297,703,2023-08-18 23:34:43,1722403.58
1298,954,2024-12-31 05:38:45,12524541.78
1299,645,2024-05-22 19:11:51,16171275.96
1300,86,2024-10-24 19:06:10,60940298.25
1301,448,2023-10-25 17:02:50,23812313.75
1302,308,2023-03-23 17:23:21,9138833.17
1303,701,2023-06-02 04:39:09,18337320.34
1304,536,2023-11-04 09:03:11,4655132.74
1305,583,2024-03-13 10:45:29,24766712.7
1306,79,2023-02-18 20:03:39,11902160.04
1307,111,2023-02-16 18:41:34,33683788.15
1308,423,2024-06-06 15:28:14,14683214.52
1309,677,2023-04-07 16:55:03,898438.22
1310,364,2024-08-05 09:13:31,23538096.59
1311,84,2023-09-18 21:19:11,9639014.32
1312,117,2024-05-30 00:35:32,1818061.8
1313,184,2024-11-08 16:51:10,9223175.46
1314,47,2023-07-06 14:18:25,17865997.98
1315,898,2023-03-27 15:09:18,2806833.08
1316,322,2024-12-22 10:50:13,12558253.19
1317,776,2024-08-24 16:33:57,13224359.09
1318,639,2024-11-17 16:22:55,23271916.32
1319,990,2023-09-29 12:25:39,16576589.12
1320,190,2023-07-11 07:41:05,26687024.45
1321,266,2023-03-22 21:59:34,20041469.15
1322,445,2024-11-20 03:52:16,24212285.41
1323,6,2024-07-01 00:39:08,7504543.2
1324,14,2024-02-09 04:14:53,5953256.62
1325,489,2023-06-25 23:52:37,40979323.7
1326,890,2024-04-16 14:44:56,30042993.42
1327,744,2024-11-04 21:54:50,1210924.81
1328,634,2024-05-13 11:01:28,29671825.33
1329,708,2024-09-23 13:08:01,41362563.85
1330,824,2024-11-20 14:22:53,13088564.96
1331,129,2023-11-06 03:11:26,788046.39
1332,196,2023-05-19 00:30:18,12066642.0
1333,713,2023-04-25 00:34:42,9518856.28
1334,215,2023-07-12 00:58:34,6762493.17
1335,149,2024-05-07 23:36:56,18923214.45
1336,447,2024-10-27 08:48:10,555890.4
1337,196,2024-10-03 19:36:33,7185434.03
1338,789,2023-03-30 10:57:21,8624752.26
1339,486,2024-04-19 05:23:40,11571149.08
1340,120,2024-03-08 00:47:39,6699848.7
1341,757,2023-06-20 05:32:58,19438632.63
1342,987,2024-12-20 16:12:41,47685467.73
1343,21,2024-05-11 17:09:59,15246322.25
1344,249,2024-04-05 21:18:26,25220363.27
1345,584,2023-07-26 10:44:04,28009422.96
1346,342,2024-02-06 01:51:14,27884006.27
1347,646,2023-01-09 03:44:16,6802401.94
1348,426,2024-12-31 15:43:15,3945762.67
1349,611,2024-05-22 21:04:06,17775658.21
1350,38,2024-07-21 10:35:12,2375745.06
1351,498,2024-05-14 14:33:06,21481619.37
1352,743,2024-06-09 21:31:08,14681967.38
1353,238,2024-09-18 17:45:50,28560837.06
1354,20,2023-03-04 19:14:06,21066244.27
1355,324,2024-03-08 20:59:10,26023855.35
1356,275,2024-07-20 02:18:44,36087432.25
1357,911,2024-10-25 15:11:15,13843175.3
1358,507,2024-04-29 04:15:27,918996.64
1359,356,2024-09-29 23:31:36,17850425.21
1360,22,2024-04-04 15:52:57,21746857.5
1361,744,2023-06-15 10:29:10,3211099.9
1362,353,2023-07-16 17:05:04,47612228.77
1363,520,2024-03-24 08:27:02,24629545.99
1364,931,2023-08-13 21:23:45,10066753.82
1365,944,2024-12-02 12:20:53,5519655.59
1366,480,2024-09-08 23:55:08,30115188.33
1367,741,2023-05-15 10:40:55,25434462.27
1368,983,2024-12-29 14:12:46,36883696.59
1369,753,2024-03-02 23:45:24,13826144.48
1370,819,2024-01-04 17:11:48,45554832.84
1371,213,2023-06-15 22:38:26,30418801.59
1372,684,2023-10-17 03:08:17,17709724.0
1373,178,2024-05-09 04:42:00,14671844.67
1374,621,2023-07-24 05:41:28,6385445.12
1375,813,2024-05-18 03:40:25,6699848.7
1376,311,2024-03-01 17:58:33,15050896.98
1377,571,2023-08-29 07:37:30,21476488.56
1378,368,2023-02-18 00:39:36,23808736.64
1379,694,2023-09-25 12:59:58,9086537.61
1380,848,2023-06-12 06:21:40,36747781.82
1381,827,2024-05-30 01:09:50,30448007.06
1382,441,2023-03-07 12:17:47,30319343.84
1383,233,2023-04-27 22:29:05,31463335.82
1384,230,2023-05-04 20:27:40,2398301.2
1385,349,2024-05-13 09:23:13,5900901.74
1386,789,2023-12-30 01:41:57,23259046.67
1387,918,2024-07-24 09:44:20,4209735.29
1388,619,2023-06-04 18:45:52,23441610.89
1389,724,2024-11-16 03:47:30,22974271.3
1390,819,2023-02-21 15:56:26,42038726.1
1391,999,2024-04-13 04:02:19,9955427.86
1392,625,2023-04-19 22:13:48,5977768.88
1393,43,2023-04-15 20:28:44,26610990.2
1394,172,2024-06-03 03:50:16,56941533.81
1395,892,2024-10-07 04:17:54,5538102.32
1396,161,2023-07-30 13:10:00,26555119.96
1397,781,2023-10-27 16:04:30,30832863.36
1398,751,2024-06-02 18:08:45,7462583.2
1399,663,2023-04-12 05:37:03,853822.0
1400,839,2024-01-08 12:10:57,5578256.0
1401,869,2023-05-22 04:28:39,46503355.73
1402,993,2023-07-26 15:59:14,4315425.13
1403,252,2024-03-01 00:14:23,56473718.96
1404,294,2024-04-30 12:25:37,45838329.06
1405,88,2024-06-01 06:14:07,15004812.87
1406,733,2023-09-30 13:33:35,33088166.62
1407,645,2024-02-29 13:07:50,10557373.64
1408,156,2024-11-11 08:56:11,1782864.15
1409,807,2024-06-26 15:21:15,6850598.86
1410,822,2023-08-22 05:01:27,50155613.82
1411,941,2024-03-15 15:03:06,23126957.75
1412,975,2024-02-24 16:42:09,2395199.34
1413,967,2024-06-12 13:10:18,5327519.63
1414,150,2023-01-31 16:06:49,31058282.4
1415,967,2023-01-11 18:50:09,13201974.04
1416,347,2023-03-13 03:05:12,14808802.52
1417,791,2023-11-19 14:37:25,19976166.4
1418,63,2023-06-18 15:48:14,27284864.78
1419,677,2024-02-07 01:21:01,5328530.49
1420,925,2024-10-18 05:29:45,15853282.8
1421,647,2024-08-11 02:06:17,3514059.45
1422,997,2024-12-31 18:55:28,8593752.68
1423,412,2023-10-30 15:15:59,18022779.2
1424,895,2024-11-28 20:09:22,35055882.79
1425,932,2023-11-08 11:25:16,37868084.38
1426,847,2023-12-19 00:17:15,12093902.02
1427,626,2023-10-14 19:12:58,37611771.66
1428,457,2023-05-31 14:42:24,10338545.16
1429,909,2024-10-21 07:28:07,754231.02
1430,808,2024-07-11 22:43:56,48757854.67
1431,453,2024-09-25 23:44:23,22820784.81
1432,909,2024-12-15 12:34:12,15349821.68
1433,795,2024-10-26 14:43:39,35669340.48
1434,87,2023-07-22 10:58:42,21884907.59
1435,343,2023-02-07 19:34:02,29728412.18
1436,533,2024-02-04 04:35:15,17326686.92
1437,219,2024-07-07 10:20:14,8684685.12
1438,566,2023-04-06 18:37:45,22091969.99
1439,349,2023-11-16 18:58:52,23953748.31
1440,24,2024-10-12 05:49:35,19448128.97
1441,607,2023-01-29 19:39:30,1921246.23
1442,853,2023-09-22 08:47:12,41692249.35
1443,518,2023-11-08 15:23:30,37662907.94
1444,862,2023-04-24 02:10:57,36347179.36
1445,643,2024-01-17 09:27:26,928398.39
1446,127,2024-06-03 12:54:21,10396037.5
1447,964,2023-02-18 23:42:02,26745768.25
1448,306,2023-05-08 16:20:16,17117691.71
1449,465,2024-08-09 00:11:23,1818993.64
1450,825,2023-12-14 08:35:45,24381430.05
1451,732,2024-08-18 20:35:33,4506676.14
1452,865,2024-10-04 19:24:59,26915033.72
1453,359,2024-09-01 08:30:49,1056324.58
1454,683,2023-11-03 10:21:34,7103533.85
1455,732,2024-08-09 05:05:46,38387685.17
1456,756,2024-01-22 18:55:13,4398915.31
1457,336,2023-09-11 03:49:52,43520133.34
1458,198,2024-06-12 21:12:12,49755995.45
1459,101,2024-01-05 16:32:27,32492845.96
1460,849,2023-05-31 15:29:56,16919038.07
1461,95,2024-02-26 02:59:00,35207389.9
1462,910,2023-03-05 15:28:10,18322843.33
1463,220,2023-05-14 17:20:23,13358420.88
1464,379,2024-04-01 02:50:33,44038093.66
1465,413,2024-11-24 19:09:37,24088342.84
1466,532,2024-08-25 20:21:05,13684403.96
1467,599,2024-02-09 09:36:02,10465469.61
1468,434,2024-05-25 23:10:22,9299500.43
1469,750,2024-03-26 17:49:25,33111741.78
1470,148,2024-03-02 05:55:44,28202861.43
1471,497,2024-06-01 04:37:42,22032879.53
1472,133,2024-12-29 16:39:53,69612211.53
1473,884,2024-12-22 18:41:04,7746698.75
1474,712,2024-06-25 04:17:54,13497529.18
1475,485,2023-08-06 16:34:54,10104200.25
1476,967,2023-02-03 05:42:37,26590589.6
1477,944,2024-07-26 13:26:49,35602694.28
1478,873,2023-05-02 21:54:12,19234118.71
1479,124,2024-02-23 04:01:01,26000494.92
1480,297,2024-01-14 20:49:02,44524386.92
1481,157,2023-02-11 19:02:01,65548744.11
1482,313,2023-05-01 13:31:28,37381717.95
1483,302,2024-01-19 11:02:28,62622161.99
1484,811,2024-05-12 01:01:07,9989674.9
1485,803,2023-05-27 05:10:30,9319552.98
1486,50,2024-08-26 15:21:20,25348827.41
1487,221,2023-11-09 10:19:16,38322776.9
1488,3,2023-07-07 17:47:47,5870114.6
1489,358,2023-05-06 19:56:06,5232929.2
1490,428,2023-03-11 01:37:36,11560073.17
1491,318,2024-05-07 20:51:52,22823539.6
1492,922,2024-08-02 16:28:13,25600052.5
1493,487,2023-12-12 13:44:14,8708841.24
1494,781,2024-09-12 04:50:07,5388970.85
1495,652,2023-05-22 18:22:40,35815082.03
1496,684,2024-04-16 16:22:53,42433976.28
1497,888,2024-04-04 05:25:27,33931587.62
1498,820,2023-11-30 03:15:06,4807250.7
1499,420,2024-10-01 22:42:15,32300529.25
1500,922,2024-02-01 08:28:36,7089079.34
1501,554,2024-02-09 12:20:33,47626191.09
1502,754,2023-02-16 16:07:57,15173338.12
1503,91,2023-10-12 23:31:01,17056955.1
1504,586,2023-06-19 00:54:11,27315811.55
1505,575,2024-10-07 11:14:41,5841774.24
1506,660,2024-10-22 04:30:24,38832281.73
1507,198,2024-07-26 03:06:01,3480413.7
1508,591,2024-09-25 19:43:39,4427947.26
1509,535,2023-02-24 20:45:43,8206321.6
1510,515,2023-07-13 17:19:28,22075711.8
1511,675,2023-01-20 04:22:45,27129923.11
1512,986,2024-06-28 06:32:39,18037784.64
1513,806,2023-01-20 10:00:39,21448484.34
1514,850,2023-07-30 08:55:50,15905136.06
1515,455,2024-12-23 21:06:03,48029314.09
1516,622,2023-03-28 19:25:32,56906230.84
1517,604,2023-11-25 14:37:44,9838723.5
1518,883,2023-02-16 17:53:38,4271432.16
1519,448,2023-01-24 12:22:38,16795076.63
1520,25,2023-07-04 15:06:26,2605290.15
1521,392,2024-06-24 11:33:19,2714796.46
1522,118,2023-09-21 03:18:50,12626608.76
1523,173,2023-04-12 19:43:32,7400968.34
1524,188,2023-10-20 05:14:38,4839137.8
1525,158,2023-09-19 03:15:47,9465589.6
1526,695,2023-11-11 14:49:42,39963330.77
1527,630,2023-06-23 02:08:41,42019524.61
1528,28,2023-11-30 06:36:24,15282249.27
1529,306,2024-12-31 02:07:47,11447632.17
1530,328,2024-02-04 03:35:42,2022352.2
1531,915,2023-05-26 15:01:49,32537884.44
1532,385,2023-11-28 09:23:27,2223013.72
1533,208,2023-05-04 01:53:19,34967854.41
1534,601,2023-09-03 21:44:10,7046297.36
1535,521,2023-08-31 17:56:55,4219272.08
1536,973,2024-05-31 14:01:09,56600998.8
1537,63,2023-04-28 09:48:16,44134347.09
1538,567,2023-11-22 16:55:25,31218909.11
1539,496,2024-02-21 02:22:59,30673043.71
1540,649,2023-01-30 14:50:11,30859552.5
1541,276,2023-08-28 00:40:40,19315706.88
1542,692,2024-07-21 21:20:30,2571673.02
1543,782,2023-04-14 08:58:05,1387049.74
1544,805,2024-07-22 23:43:20,9806572.21
1545,582,2023-05-09 11:05:26,21219865.13
1546,86,2024-02-21 16:14:15,1919004.39
1547,209,2024-10-13 18:13:12,28651373.35
1548,554,2023-05-26 13:35:29,1212041.2
1549,551,2023-06-22 08:55:33,39662550.7
1550,463,2024-03-09 20:12:44,12689934.6
1551,833,2023-02-12 00:02:11,48081571.22
1552,297,2024-04-20 22:36:00,8026602.54
1553,1,2024-10-30 06:05:39,7766392.46
1554,280,2023-03-03 17:33:21,2637642.0
1555,860,2024-09-04 09:08:04,23694795.8
1556,360,2024-11-27 13:50:27,23399912.61
1557,600,2024-10-09 07:44:46,29483602.36
1558,47,2024-06-06 10:14:32,8559749.01
1559,577,2023-06-15 19:26:44,40408265.22
1560,92,2023-03-13 10:56:45,8639907.4
1561,851,2024-02-09 04:28:38,30762911.74
1562,287,2023-05-24 20:15:38,12976988.32
1563,626,2024-03-18 07:40:36,48899942.35
1564,906,2024-05-31 11:35:20,41671334.11
1565,651,2024-11-29 12:28:29,28228222.57
1566,280,2023-09-25 16:28:58,53284962.34
1567,350,2023-09-09 11:42:37,10618310.17
1568,983,2023-08-04 16:44:26,31111827.67
1569,17,2024-09-05 11:57:31,25389914.01
1570,662,2024-12-09 04:52:07,19872711.26
1571,488,2023-01-03 22:09:54,40109296.16
1572,689,2023-01-05 00:20:55,25795957.82
1573,570,2023-06-27 15:02:34,32040909.05
1574,781,2024-12-14 17:48:11,28759478.58
1575,84,2024-02-07 19:35:33,29375945.25
1576,80,2024-10-26 23:42:42,18387091.65
1577,914,2024-07-05 01:07:36,12730989.69
1578,689,2024-11-18 16:12:30,26795982.3
1579,996,2023-05-07 12:51:07,20878799.2
1580,367,2024-01-21 21:53:35,5578256.0
1581,860,2024-02-01 06:27:04,6552943.74
1582,128,2024-12-14 00:18:25,27844436.66
1583,959,2024-04-18 13:29:19,17033481.94
1584,10,2023-07-17 16:11:11,37176857.22
1585,777,2023-08-15 00:43:12,13531321.66
1586,197,2023-10-15 13:01:40,15028475.24
1587,641,2023-04-03 22:20:05,18112909.74
1588,240,2023-11-07 08:03:06,8284715.2
1589,38,2024-05-20 13:12:59,37863641.66
1590,927,2023-10-15 17:56:37,2837106.08
1591,215,2024-12-21 22:03:53,18784767.38
1592,841,2023-01-08 07:08:21,2853249.67
1593,114,2024-10-15 14:25:15,14583308.22
1594,513,2023-10-12 20:43:13,29131069.33
1595,566,2024-05-20 06:12:24,67053.25
1596,689,2023-07-18 20:35:48,29288260.39
1597,579,2024-11-29 21:57:12,44040564.33
1598,603,2023-06-29 02:22:46,25062789.44
1599,131,2023-05-12 02:22:06,50360482.89
1600,877,2023-09-23 20:44:58,26847204.53
1601,747,2023-08-22 19:02:41,28239428.94
1602,869,2023-10-08 06:59:06,49594919.35
1603,994,2024-11-25 00:50:30,6027311.64
1604,630,2024-12-10 19:24:13,14660695.92
1605,905,2023-09-16 20:23:35,17148536.64
1606,961,2024-04-09 00:04:16,4850010.65
1607,690,2024-03-13 23:20:12,27271109.77
1608,875,2024-10-27 01:53:17,8174748.08
1609,865,2023-11-27 15:44:54,25307401.21
1610,125,2024-02-21 09:58:38,40804085.99
1611,478,2024-11-27 18:52:13,10608070.11
1612,530,2024-05-22 13:09:38,12452813.39
1613,49,2023-02-14 08:10:31,6243176.92
1614,546,2023-10-12 15:17:38,19954362.2
1615,6,2024-04-04 11:30:50,6575258.44
1616,343,2024-02-06 07:05:07,27753094.71
1617,828,2023-03-25 20:49:09,5204053.66
1618,707,2023-01-26 08:12:53,61871814.5
1619,940,2024-03-09 02:42:37,6288238.78
1620,169,2023-09-13 07:10:05,21478404.01
1621,65,2023-12-04 11:18:57,12870793.8
1622,100,2024-10-03 22:45:58,36832950.26
1623,443,2023-01-29 17:28:30,24606261.49
1624,817,2023-01-25 21:34:24,12859282.52
1625,861,2024-10-03 12:10:17,9074130.51
1626,111,2023-09-14 08:59:54,7308594.23
1627,982,2024-04-29 08:40:42,21230360.5
1628,842,2023-12-15 01:58:54,26975987.13
1629,814,2023-12-08 18:55:14,22417265.96
1630,795,2023-08-31 02:39:16,34660950.05
1631,450,2024-09-06 22:33:27,32335465.52
1632,458,2023-04-08 22:46:05,30567220.47
1633,88,2024-08-15 04:32:41,17624490.94
1634,387,2023-03-04 01:12:50,1818061.8
1635,802,2023-11-17 02:22:03,26207301.66
1636,942,2023-05-11 02:15:26,14998693.87
1637,309,2024-03-28 01:59:41,10893027.95
1638,443,2024-09-17 22:47:55,34293436.74
1639,694,2023-03-09 03:42:26,673428.04
1640,54,2023-02-27 20:21:43,19970678.8
1641,412,2023-10-29 13:53:18,13369987.33
1642,771,2023-04-09 22:28:31,9573675.24
1643,886,2024-02-25 08:29:14,35319647.22
1644,11,2024-09-05 22:43:09,50463669.54
1645,476,2024-04-09 13:58:41,27819373.08
1646,635,2024-03-14 22:34:52,14483442.73
1647,667,2023-04-14 12:21:54,35887707.1
1648,465,2024-11-22 00:56:44,32897912.37
1649,602,2024-06-13 11:56:57,11473129.59
1650,106,2023-07-17 03:55:56,12982114.44
1651,731,2023-01-13 21:40:10,15341041.98
1652,809,2023-03-11 21:35:10,14669399.32
1653,130,2023-07-18 20:52:12,30687533.88
1654,263,2024-10-14 18:31:42,10202807.95
1655,493,2023-12-30 15:19:42,4902090.05
1656,191,2024-09-27 16:11:17,18221181.34
1657,817,2023-09-06 05:00:45,14439146.24
1658,131,2023-02-15 02:12:08,17616618.88
1659,447,2023-11-16 21:16:54,27829349.37
1660,773,2024-06-09 23:43:40,10689292.08
1661,598,2024-01-02 11:19:48,3480413.7
1662,151,2024-07-08 05:18:07,17031055.74
1663,618,2024-04-25 11:14:18,16131512.46
1664,378,2023-12-18 10:35:50,2705695.09
1665,601,2023-01-09 18:50:53,52656904.06
1666,59,2024-11-04 05:15:53,19510782.1
1667,839,2023-09-01 18:27:47,16411986.93
1668,433,2024-07-26 01:59:17,19589469.33
1669,1000,2023-12-19 07:06:52,25744688.43
1670,931,2023-07-25 23:19:18,8265740.37
1671,350,2023-07-26 02:29:25,18750710.8
1672,712,2023-07-13 17:19:14,3233382.51
1673,615,2024-12-09 17:01:03,26776035.66
1674,873,2024-12-10 12:03:23,20545284.29
1675,987,2024-08-15 20:36:39,13133202.12
1676,307,2023-12-10 22:25:53,1661638.38
1677,167,2024-03-04 11:57:52,17611772.86
1678,898,2023-04-18 16:32:26,36122627.52
1679,225,2023-02-13 18:03:22,7341228.88
1680,229,2023-01-04 23:15:24,30344021.21
1681,478,2024-12-10 08:23:02,19234796.14
1682,245,2024-09-30 07:45:36,754595.86
1683,827,2024-05-07 12:04:12,5044449.6
1684,410,2024-01-20 07:28:31,34680475.24
1685,372,2023-07-08 00:14:41,20882563.16
1686,367,2023-01-11 02:41:04,16654766.24
1687,118,2023-01-31 20:11:44,12281110.59
1688,451,2023-05-26 10:34:46,10669095.21
1689,600,2023-07-19 22:59:10,11193570.14
1690,999,2024-01-04 01:35:54,41697650.27
1691,203,2023-01-31 07:14:59,3521453.22
1692,225,2023-10-18 06:20:25,22462991.35
1693,348,2023-09-26 06:20:43,18555013.18
1694,183,2024-07-21 08:57:19,9676110.84
1695,181,2023-07-20 00:46:57,4861728.27
1696,22,2023-09-26 03:41:03,26386609.15
1697,389,2024-11-24 04:59:48,21222997.42
1698,347,2024-11-01 04:02:24,23587712.23
1699,468,2023-08-04 11:06:26,10201528.04
1700,829,2023-09-03 13:27:29,18323027.4
1701,964,2024-01-17 06:14:20,25567732.53
1702,903,2024-06-23 22:41:24,46480963.06
1703,122,2024-03-20 02:22:49,51897010.03
1704,814,2023-05-28 04:45:43,17031527.35
1705,546,2023-07-14 06:58:44,12620274.38
1706,326,2024-01-23 13:37:34,4267683.12
1707,652,2024-09-05 15:38:20,26964340.0
1708,782,2023-09-08 01:40:54,11852496.56
1709,194,2024-09-22 21:23:01,26338364.71
1710,809,2024-07-02 10:42:39,44091944.62
1711,254,2023-06-02 11:55:49,5008586.76
1712,815,2023-02-24 22:55:04,13954304.6
1713,872,2023-10-14 04:36:15,59241668.84
1714,908,2024-06-04 21:15:56,41045995.92
1715,745,2024-05-15 07:37:05,700098.04
1716,810,2023-03-25 17:08:11,34855315.18
1717,67,2024-11-10 22:23:14,6818296.02
1718,398,2023-06-21 18:31:05,27660569.43
1719,384,2024-10-22 18:32:16,16093878.45
1720,476,2024-05-25 18:53:32,27230357.45
1721,730,2023-07-03 11:43:02,41301923.72
1722,712,2024-01-18 19:07:55,15821754.28
1723,486,2024-05-09 18:00:53,673428.04
1724,411,2023-10-02 21:09:37,14530727.72
1725,666,2024-10-15 21:15:43,18950853.16
1726,225,2023-02-07 07:32:38,15440952.42
1727,884,2023-07-27 16:27:35,48375958.16
1728,224,2023-08-29 14:24:51,1796876.44
1729,911,2023-11-10 15:28:28,19728813.35
1730,161,2024-01-22 20:48:10,43409375.35
1731,564,2024-01-19 09:16:01,21478778.22
1732,770,2023-03-28 04:53:26,34285505.12
1733,456,2023-03-28 10:44:32,18169554.34
1734,236,2024-06-15 12:48:01,490798.88
1735,477,2024-08-20 01:29:52,19590141.2
1736,345,2024-06-08 22:36:52,8298874.82
1737,479,2024-03-12 16:25:33,11643178.88
1738,377,2024-03-18 14:53:22,19274538.34
1739,280,2024-05-24 11:32:32,22238076.12
1740,184,2024-01-27 00:53:59,4810767.01
1741,272,2024-03-28 08:30:43,26818913.23
1742,368,2024-10-22 02:45:46,26599092.61
1743,863,2023-03-26 10:43:23,17097309.92
1744,560,2024-05-28 18:40:12,28787519.44
1745,805,2024-10-21 02:50:44,17191926.78
1746,101,2023-10-11 08:17:30,35306946.16
1747,369,2023-05-02 02:35:51,14341903.52
1748,206,2023-02-09 19:52:48,33005791.77
1749,692,2023-12-08 07:09:34,16745187.83
1750,310,2023-12-04 09:06:11,50523991.09
1751,196,2024-11-30 09:59:34,9534749.3
1752,142,2024-12-23 21:59:31,54699880.86
1753,9,2024-07-10 09:30:27,38445395.57
1754,843,2023-11-03 10:15:42,2683333.13
1755,969,2023-12-21 14:42:08,2835243.38
1756,776,2024-02-20 21:06:55,24442581.07
1757,484,2024-11-02 00:25:58,29707938.34
1758,780,2024-10-31 18:39:53,17509920.27
1759,234,2023-06-02 14:28:21,23773779.77
1760,486,2023-08-21 07:38:28,45916091.86
1761,602,2023-08-28 18:46:50,14671442.36
1762,740,2024-07-19 17:03:58,36225460.22
1763,811,2024-04-17 12:24:10,23121361.59
1764,867,2023-03-29 11:23:55,49463014.12
1765,789,2023-07-12 15:36:42,24164092.43
1766,215,2024-12-15 15:12:27,21974057.62
1767,874,2024-03-25 16:22:58,29189095.01
1768,384,2024-07-25 01:05:45,57306442.35
1769,895,2023-05-23 21:01:35,25049156.08
1770,966,2023-05-12 11:07:31,11070755.27
1771,830,2023-01-10 18:11:49,48726060.31
1772,348,2024-11-05 12:54:46,6829126.56
1773,436,2023-08-19 15:15:38,26653689.45
1774,782,2024-12-03 14:41:10,20460098.15
1775,307,2024-12-08 19:34:24,37064384.72
1776,24,2023-11-30 21:22:13,49147987.92
1777,945,2024-08-04 01:10:21,2784330.96
1778,976,2023-05-23 05:35:44,30085922.54
1779,645,2023-12-05 20:41:13,45760306.16
1780,588,2024-09-09 22:07:50,35730496.49
1781,210,2024-02-05 13:53:00,2424082.4
1782,548,2024-02-05 02:19:10,35817168.44
1783,487,2024-01-31 06:51:25,54400798.47
1784,584,2023-04-22 11:58:21,18340831.98
1785,917,2024-04-07 23:15:55,22571033.81
1786,176,2023-11-08 03:23:41,24210979.34
1787,182,2023-04-17 20:07:50,9377964.3
1788,501,2023-02-02 21:58:04,25268422.24
1789,204,2023-01-28 06:47:50,41230576.89
1790,291,2023-03-13 14:02:59,42432213.79
1791,299,2023-07-30 08:29:04,7392421.88
1792,72,2024-11-06 19:05:33,50911861.58
1793,378,2024-04-10 02:05:30,33708812.74
1794,176,2024-06-14 00:24:07,9691166.46
1795,401,2023-12-01 14:57:32,4987435.86
1796,133,2023-06-10 04:01:55,20226867.5
1797,490,2024-07-03 15:14:02,31753451.45
1798,979,2023-03-12 14:09:46,27201606.74
1799,892,2023-07-31 04:43:50,23078861.07
1800,443,2023-07-30 11:16:40,17957276.53
1801,163,2024-12-27 17:17:10,14297172.56
1802,962,2024-09-10 20:56:18,10621282.35
1803,208,2023-11-14 21:23:23,12920809.92
1804,283,2024-05-29 16:42:36,70358965.66
1805,147,2023-07-26 00:16:15,7186354.55
1806,845,2024-04-01 02:19:44,28172416.1
1807,827,2024-02-13 22:01:18,7210647.68
1808,337,2023-09-10 19:08:45,24606771.38
1809,472,2024-08-05 17:52:30,29215048.8
1810,41,2024-04-18 20:58:34,23577224.15
1811,662,2023-04-04 10:28:57,12412165.31
1812,718,2024-04-12 12:37:33,11126998.07
1813,401,2024-12-29 10:49:47,635380.64
1814,426,2024-09-19 06:22:34,29111906.91
1815,922,2023-09-13 06:32:17,14989579.59
1816,469,2024-09-24 15:43:53,39297089.81
1817,188,2024-01-29 23:59:46,12306882.36
1818,98,2024-12-16 20:42:09,19844207.22
1819,246,2024-02-07 01:35:23,2549939.1
1820,904,2023-06-11 09:58:04,28873406.28
1821,299,2024-10-05 19:34:42,52065918.66
1822,715,2024-11-13 02:25:48,12233759.43
1823,422,2023-08-11 17:58:02,35234515.85
1824,378,2024-07-20 04:24:49,16636766.76
1825,517,2023-03-20 03:49:51,16378144.4
1826,462,2023-11-30 14:55:52,38528432.61
1827,213,2023-06-18 09:12:10,31766869.92
1828,474,2024-06-02 01:37:30,3743336.3
1829,655,2023-01-28 02:39:53,20556443.11
1830,391,2024-12-12 16:49:02,26972365.48
1831,877,2023-12-18 14:32:22,32432154.87
1832,39,2023-07-19 14:26:32,1736655.18
1833,118,2023-01-11 09:07:27,6684505.42
1834,335,2024-12-27 04:58:08,6610131.17
1835,497,2024-11-17 16:54:09,37369921.22
1836,85,2024-04-17 02:29:03,43370791.07
1837,249,2024-07-15 23:55:17,19820657.8
1838,144,2024-12-31 15:56:13,16205767.65
1839,862,2024-04-27 10:09:47,7087239.08
1840,859,2023-06-15 06:12:39,2998066.84
1841,103,2023-01-19 22:05:59,29503413.91
1842,128,2023-07-01 10:42:34,19730799.45
1843,173,2024-07-01 14:13:49,9868095.48
1844,694,2023-03-21 00:24:29,13043136.06
1845,452,2023-10-07 05:35:19,43682472.55
1846,222,2024-01-02 06:28:42,26901263.0
1847,222,2023-02-05 19:22:49,19650593.23
1848,857,2024-03-28 01:44:19,11773665.3
1849,657,2024-10-12 19:02:14,13242485.83
1850,400,2024-11-09 03:44:33,74476434.27
1851,455,2024-12-07 11:13:32,32200442.65
1852,5,2023-02-23 21:46:47,41709912.34
1853,786,2023-02-19 13:44:25,46312378.85
1854,384,2023-07-26 09:05:28,59031237.9
1855,94,2023-09-02 07:16:52,18701710.71
1856,29,2023-01-17 15:21:10,12286388.7
1857,841,2023-01-15 12:16:26,7129496.29
1858,226,2023-07-16 02:18:00,15925901.01
1859,742,2023-04-09 06:06:44,18258054.81
1860,426,2023-06-21 01:36:08,13079086.54
1861,836,2024-06-08 03:55:14,19064452.25
1862,576,2023-12-01 11:44:54,43703392.88
1863,640,2024-10-03 06:54:04,16571148.36
1864,405,2023-08-01 19:43:22,64979056.71
1865,238,2024-03-14 04:23:54,24169291.96
1866,366,2023-08-07 03:51:18,34958017.21
1867,16,2023-11-28 06:19:16,22715871.62
1868,324,2024-02-16 23:48:40,33451385.27
1869,218,2023-01-13 14:10:11,12504685.81
1870,68,2024-04-14 08:00:48,16934141.01
1871,666,2024-11-04 10:08:17,8153990.52
1872,45,2024-09-30 13:26:02,11236288.29
1873,421,2023-03-10 07:57:27,1698725.6
1874,512,2023-11-05 21:48:14,17790835.14
1875,811,2023-04-15 19:31:18,20355860.11
1876,258,2024-08-05 06:14:33,35381429.29
1877,333,2023-04-08 21:50:25,37847818.29
1878,695,2024-10-08 14:08:50,20483190.9
1879,341,2024-12-11 04:50:23,14823235.11
1880,780,2023-06-29 23:07:57,17080929.4
1881,872,2024-12-05 11:34:36,8961396.52
1882,70,2024-11-13 17:33:13,4986485.85
1883,624,2023-12-10 00:38:33,26105433.33
1884,392,2024-08-22 16:20:39,20822957.49
1885,760,2024-06-07 23:19:23,1349714.68
1886,602,2023-08-27 18:19:44,23984972.13
1887,239,2024-12-22 00:29:02,44128556.57
1888,778,2023-01-22 22:26:26,27235459.03
1889,243,2023-05-08 11:14:41,26797645.54
1890,635,2024-03-14 08:52:02,24978083.96
1891,141,2023-03-23 02:10:54,1906141.92
1892,304,2024-01-19 18:09:29,35279267.18
1893,385,2023-07-26 05:31:19,32271626.87
1894,39,2023-07-29 23:22:33,43557806.14
1895,969,2023-09-01 21:46:30,6703304.91
1896,138,2024-03-30 11:58:02,33901616.63
1897,660,2023-10-12 11:33:40,34150509.99
1898,811,2023-02-10 18:57:51,11950456.87
1899,833,2024-02-29 23:35:40,34556862.79
1900,235,2023-10-23 00:51:45,33757662.5
1901,249,2023-12-06 12:28:42,11588444.98
1902,56,2023-07-30 19:38:08,13493406.87
1903,821,2024-11-11 09:02:30,17848990.39
1904,623,2024-12-04 08:05:56,4908030.16
1905,330,2024-01-26 18:59:10,14339215.65
1906,645,2023-07-07 16:06:21,26768577.99
1907,891,2023-01-07 02:21:09,31549999.53
1908,977,2024-05-18 02:32:53,6164660.76
1909,650,2023-07-17 01:53:49,8376542.08
1910,129,2023-05-25 07:26:07,28946357.76
1911,607,2023-04-04 06:19:24,15488793.06
1912,242,2024-07-16 07:26:27,7475632.98
1913,437,2024-06-03 02:50:45,9689826.86
1914,169,2024-04-23 11:20:24,9261582.75
1915,435,2023-07-22 08:55:02,30010971.07
1916,255,2023-06-30 22:03:30,17257012.44
1917,591,2023-11-07 10:23:21,16171275.96
1918,207,2024-04-04 23:08:29,25957143.71
1919,82,2023-10-06 17:31:08,38391404.28
1920,387,2024-01-04 14:29:58,3075997.11
1921,452,2023-06-21 17:08:17,45784477.76
1922,625,2024-03-08 18:23:49,5451394.23
1923,840,2024-03-19 05:40:31,6795829.94
1924,781,2024-05-08 00:43:16,48122613.12
1925,875,2024-01-26 15:33:39,15255270.94
1926,610,2023-03-27 10:55:51,28853643.44
1927,567,2024-07-04 05:33:47,31326716.66
1928,390,2023-06-29 09:22:03,24516467.71
1929,465,2024-04-19 11:08:08,42099007.14
1930,576,2023-10-18 13:39:31,7424390.32
1931,74,2024-09-12 17:30:25,13860134.59
1932,733,2023-12-08 04:58:31,22553571.56
1933,159,2024-04-25 07:07:32,18795085.13
1934,14,2023-07-14 00:09:07,3286347.02
1935,504,2024-05-27 13:37:34,44848946.41
1936,963,2024-02-19 15:08:22,25045642.47
1937,394,2024-02-09 13:35:08,14395959.96
1938,657,2024-05-16 11:12:25,621384.33
1939,419,2024-08-25 02:35:36,3510483.06
1940,395,2023-02-09 04:31:55,51487777.85
1941,199,2024-08-02 05:54:41,41519013.75
1942,790,2024-03-22 09:17:37,636112.01
1943,727,2023-12-23 18:33:15,10205926.58
1944,706,2024-05-15 23:07:08,74007279.66
1945,667,2024-01-13 02:06:03,47366694.01
1946,754,2024-01-30 15:26:19,22628518.41
1947,490,2023-09-10 08:49:25,19080489.08
1948,647,2023-02-05 13:09:31,547203.35
1949,715,2024-12-24 01:01:43,1481988.14
1950,152,2024-11-12 23:29:45,27656100.09
1951,467,2023-09-25 22:02:35,16197558.14
1952,261,2024-11-28 05:21:55,26285560.46
1953,593,2023-09-11 21:55:24,20436870.2
1954,13,2024-11-09 05:52:38,19451081.89
1955,660,2023-04-30 03:21:38,15774540.92
1956,408,2024-12-29 13:59:37,33224923.65
1957,998,2024-12-24 21:20:29,46779767.3
1958,932,2023-03-24 18:52:45,35021242.49
1959,170,2023-07-13 15:23:56,56389474.69
1960,709,2024-03-13 09:12:24,8005385.01
1961,991,2023-11-06 18:13:40,29258178.77
1962,908,2024-06-29 23:58:29,13638411.12
1963,316,2024-01-27 21:20:18,4660290.95
1964,112,2024-02-26 03:14:08,22118619.33
1965,796,2024-10-13 20:50:53,10151821.88
1966,276,2023-12-19 05:11:45,4714442.61
1967,716,2023-08-03 14:29:22,32716791.87
1968,173,2023-11-12 00:14:01,7754428.71
1969,100,2024-05-18 00:03:26,13692210.48
1970,538,2023-03-13 15:12:47,13160804.58
1971,296,2024-03-02 23:49:49,24670628.08
1972,181,2024-03-17 06:12:45,12077115.06
1973,721,2024-01-19 06:47:11,1665537.42
1974,499,2023-05-18 07:12:34,31276864.8
1975,972,2023-07-06 18:17:58,46669110.78
1976,581,2023-04-23 16:24:29,20274997.2
1977,206,2023-08-06 06:45:31,5874317.15
1978,829,2023-03-02 06:39:10,7998936.06
1979,924,2023-07-16 09:26:33,15266195.54
1980,642,2024-02-23 16:02:47,10108196.43
1981,890,2024-10-01 03:58:32,55983990.47
1982,82,2024-10-13 06:02:54,13031744.48
1983,387,2023-10-28 03:07:13,1695398.22
1984,66,2023-05-08 10:04:35,20727210.66
1985,600,2023-12-17 01:04:48,31500541.82
1986,497,2023-08-29 17:23:58,3030103.0
1987,10,2024-11-19 03:40:13,17101081.47
1988,770,2023-03-04 09:41:15,13259551.35
1989,809,2023-01-08 21:12:22,37841629.56
1990,217,2023-02-12 03:31:33,13869345.59
1991,385,2024-06-18 00:15:51,23380064.11
1992,986,2024-09-09 18:56:07,111231.78
1993,485,2023-09-30 17:41:31,29286912.79
1994,440,2023-12-12 22:00:16,45421665.34
1995,699,2023-12-11 13:29:59,79363522.78
1996,837,2023-12-18 11:28:37,6776974.5
1997,682,2023-09-03 13:09:04,1313410.65
1998,626,2024-02-13 13:46:42,30420420.69
1999,895,2023-02-28 12:57:45,15684021.13
2000,4,2023-12-05 03:38:50,6935248.7
